Draw Date,Winning Numbers,Bonus #,Extra #,Jackpot,Outcome
13/02/04 00:00,16 29 32 36 41,7,9,"€10,143,000",Won
20/02/04 00:00,7 13 39 47 50,2,5,"€10,111,500",Roll
27/02/04 00:00,14 18 19 31 37,4,5,"€11,880,304",Roll
05/03/04 00:00,4 7 33 37 39,1,5,"€13,870,849",Won
12/03/04 00:00,15 24 28 44 47,4,5,"€10,171,500",Roll
19/03/04 00:00,33 36 37 42 45,4,9,"€11,696,661",Roll
26/03/04 00:00,3 4 10 23 43,2,4,"€13,451,480",Roll
02/04/04 00:00,4 12 24 27 36,2,9,"€15,183,435",Roll
09/04/04 00:00,1 4 10 19 23,2,8,"€16,752,145",Won
16/04/04 00:00,14 15 28 35 40,1,3,"€10,027,500",Roll
23/04/04 00:00,6 10 21 45 49,3,5,"€13,390,000",Roll
30/04/04 00:00,5 6 16 23 27,6,7,"€16,887,500",Roll
07/05/04 00:00,15 16 21 36 38,1,5,"€19,983,000",Roll
14/05/04 00:00,1 3 21 32 39,2,6,"€22,849,563",Won
21/05/04 00:00,15 29 37 39 49,4,9,"€6,712,000",Won
28/05/04 00:00,6 11 35 41 44,5,6,"€6,712,000",Roll
04/06/04 00:00,9 13 34 41 42,3,7,"€8,735,476",Won
11/06/04 00:00,2 7 8 10 47,1,7,"€6,580,000",Roll
18/06/04 00:00,2 23 28 40 43,2,6,"€8,140,055",Won
25/06/04 00:00,3 21 30 34 35,1,2,"€6,685,000",Roll
02/07/04 00:00,4 23 24 28 34,1,3,"€8,214,347",Roll
09/07/04 00:00,2 5 12 19 44,8,9,"€9,720,341",Roll
16/07/04 00:00,24 26 31 38 50,5,8,"€11,275,186",Roll
23/07/04 00:00,7 10 27 31 34,3,8,"€12,787,495",Roll
30/07/04 00:00,9 10 19 37 50,1,6,"€14,603,161",Roll
06/08/04 00:00,5 15 24 35 44,5,6,"€16,568,021",Won
13/08/04 00:00,20 27 41 43 50,5,8,"€6,740,000",Roll
20/08/04 00:00,6 9 10 27 35,6,8,"€8,372,421",Roll
27/08/04 00:00,1 11 22 28 44,1,9,"€9,880,576",Roll
03/09/04 00:00,8 12 14 15 34,6,7,"€11,745,718",Roll
10/09/04 00:00,5 25 33 36 38,2,5,"€13,705,824",Roll
17/09/04 00:00,15 18 29 39 41,5,8,"€15,652,287",Roll
24/09/04 00:00,21 26 27 44 48,1,7,"€17,853,153",Roll
01/10/04 00:00,12 20 21 45 48,5,6,"€20,656,084",Won
08/10/04 00:00,1 10 12 16 48,2,6,"€6,950,000",Roll
15/10/04 00:00,14 21 22 37 43,5,8,"€11,885,938",Roll
22/10/04 00:00,1 9 23 25 40,3,9,"€17,398,554",Won
29/10/04 00:00,1 8 32 35 38,4,9,"€6,967,000",Roll
05/11/04 00:00,6 19 25 42 49,1,7,"€12,066,841",Roll
12/11/04 00:00,4 11 12 13 32,3,9,"€17,364,782",Roll
19/11/04 00:00,1 18 29 34 37,2,6,"€23,523,322",Roll
26/11/04 00:00,1 4 24 34 36,6,8,"€30,738,943",Won
03/12/04 00:00,1 11 15 42 49,3,4,"€6,945,000",Roll
10/12/04 00:00,1 3 13 16 43,2,7,"€12,388,642",Roll
17/12/04 00:00,15 19 22 46 49,2,9,"€17,973,434",Won
24/12/04 00:00,3 4 27 29 37,5,6,"€7,037,000",Won
31/12/04 00:00,7 8 24 25 47,8,9,"€7,074,000",Roll
07/01/05 00:00,3 23 27 47 50,2,3,"€12,408,063",Roll
14/01/05 00:00,6 11 14 19 29,1,3,"€18,296,178",Won
21/01/05 00:00,10 12 14 24 26,5,8,"€6,970,000",Roll
28/01/05 00:00,7 21 26 43 45,5,7,"€12,275,202",Roll
04/02/05 00:00,1 8 11 30 40,7,8,"€17,823,072",Roll
11/02/05 00:00,11 13 25 32 50,4,7,"€23,978,705",Won
18/02/05 00:00,20 21 26 32 46,8,9,"€6,903,000",Won
25/02/05 00:00,3 27 30 43 44,4,8,"€6,907,000",Roll
04/03/05 00:00,12 24 32 37 39,7,9,"€12,348,100",Roll
11/03/05 00:00,8 12 23 40 43,1,4,"€18,499,838",Roll
18/03/05 00:00,6 23 39 43 48,5,7,"€24,623,504",Roll
25/03/05 00:00,4 29 33 37 38,6,9,"€31,323,139",Roll
01/04/05 00:00,25 26 41 44 47,3,7,"€36,934,606",Roll
08/04/05 00:00,7 11 25 31 50,1,3,"€43,951,166",Won
15/04/05 00:00,6 28 31 38 42,3,9,"€10,278,000",Roll
22/04/05 00:00,3 10 13 24 47,5,9,"€16,256,571",Won
29/04/05 00:00,3 9 35 39 42,1,8,"€10,155,000",Roll
06/05/05 00:00,7 12 21 26 44,6,8,"€15,917,412",Roll
13/05/05 00:00,12 17 31 32 40,2,9,"€22,628,469",Roll
20/05/05 00:00,6 7 13 28 47,5,8,"€29,611,179",Won
27/05/05 00:00,2 24 31 48 50,4,9,"€10,402,500",Roll
03/06/05 00:00,3 8 11 17 50,1,5,"€15,902,687",Roll
10/06/05 00:00,6 7 32 37 47,1,7,"€21,734,699",Roll
17/06/05 00:00,4 8 10 18 21,1,7,"€28,094,862",Roll
24/06/05 00:00,6 8 14 15 45,7,8,"€34,370,581",Roll
01/07/05 00:00,4 5 23 25 28,3,4,"€40,827,016",Roll
08/07/05 00:00,35 36 42 46 49,2,8,"€48,784,765",Roll
15/07/05 00:00,1 11 12 23 42,3,6,"€57,176,654",Roll
22/07/05 00:00,3 14 41 48 49,1,4,"€67,927,336",Roll
29/07/05 00:00,3 19 26 49 50,4,5,"€79,881,799",Won
05/08/05 00:00,2 11 21 22 30,4,6,"€10,443,000",Roll
12/08/05 00:00,15 23 30 37 40,7,9,"€17,327,035",Roll
19/08/05 00:00,11 24 29 31 41,1,3,"€24,045,393",Roll
26/08/05 00:00,9 29 35 40 41,1,6,"€31,534,575",Roll
02/09/05 00:00,3 4 14 43 50,3,6,"€39,270,421",Roll
09/09/05 00:00,8 12 19 31 50,6,7,"€44,899,448",Roll
16/09/05 00:00,12 13 19 21 38,3,9,"€51,513,123",Won
23/09/05 00:00,1 26 31 34 47,4,9,"€10,200,000",Roll
30/09/05 00:00,6 11 47 48 50,1,6,"€17,020,072",Won
07/10/05 00:00,2 13 21 26 44,3,9,"€10,335,000",Won
14/10/05 00:00,10 11 19 20 23,1,6,"€10,215,000",Won
21/10/05 00:00,1 14 19 29 33,1,8,"€10,143,000",Roll
28/10/05 00:00,14 36 44 47 50,3,5,"€16,727,964",Roll
04/11/05 00:00,26 36 37 38 42,2,6,"€23,432,048",Roll
11/11/05 00:00,15 16 36 41 42,3,5,"€30,453,995",Won
18/11/05 00:00,17 18 25 34 48,2,3,"€10,312,500",Roll
25/11/05 00:00,1 6 27 39 47,1,6,"€16,846,594",Roll
02/12/05 00:00,1 9 20 23 30,4,7,"€23,443,437",Roll
09/12/05 00:00,11 18 35 38 42,1,5,"€30,453,067",Roll
16/12/05 00:00,2 3 15 18 32,6,7,"€38,305,717",Roll
23/12/05 00:00,15 31 36 37 42,1,7,"€45,483,082",Roll
30/12/05 00:00,8 16 19 43 45,1,4,"€53,342,474",Roll
06/01/06 00:00,2 6 9 14 26,4,5,"€61,801,800",Roll
13/01/06 00:00,8 12 19 33 34,1,6,"€73,898,698",Roll
20/01/06 00:00,12 15 33 44 50,2,6,"€87,820,908",Roll
27/01/06 00:00,9 15 21 40 49,1,4,"€105,412,292",Roll
03/02/06 00:00,9 21 30 39 50,1,3,"€42,019,877",Won
10/02/06 00:00,5 6 38 48 50,6,7,"€10,296,000",Roll
17/02/06 00:00,4 23 24 26 38,2,4,"€19,180,108",Won
24/02/06 00:00,1 11 18 19 47,3,7,"€10,255,500",Roll
03/03/06 00:00,3 5 8 10 44,3,5,"€18,470,476",Roll
10/03/06 00:00,1 21 33 45 49,4,8,"€26,351,576",Roll
17/03/06 00:00,5 32 44 45 50,1,7,"€36,196,725",Roll
24/03/06 00:00,17 28 33 35 47,4,9,"€45,191,782",Roll
31/03/06 00:00,3 20 31 45 50,6,7,"€53,102,939",Won
07/04/06 00:00,12 13 29 44 50,4,5,"€10,485,000",Roll
14/04/06 00:00,16 26 34 35 49,2,6,"€17,804,198",Won
21/04/06 00:00,1 20 22 37 46,1,9,"€10,440,000",Roll
28/04/06 00:00,5 10 17 22 33,5,7,"€17,970,266",Won
05/05/06 00:00,4 8 14 16 50,3,9,"€10,320,000",Roll
12/05/06 00:00,5 20 23 34 50,1,5,"€17,589,298",Won
19/05/06 00:00,3 5 25 34 49,5,8,"€10,137,000",Won
26/05/06 00:00,2 12 21 41 49,3,7,"€10,326,000",Won
02/06/06 00:00,7 8 27 41 48,1,6,"€10,335,000",Roll
09/06/06 00:00,3 12 15 34 39,4,6,"€17,366,509",Roll
16/06/06 00:00,1 16 26 30 36,3,9,"€24,499,898",Roll
23/06/06 00:00,9 21 30 43 44,1,9,"€32,403,049",Roll
30/06/06 00:00,6 15 16 40 43,1,2,"€40,812,950",Roll
07/07/06 00:00,7 9 18 35 43,5,7,"€47,618,994",Won
14/07/06 00:00,1 7 17 31 36,2,8,"€10,374,000",Roll
21/07/06 00:00,2 4 9 38 50,6,8,"€17,191,693",Won
28/07/06 00:00,3 8 12 29 43,6,7,"€10,326,000",Roll
04/08/06 00:00,1 14 15 26 32,3,7,"€16,954,778",Roll
11/08/06 00:00,27 28 31 46 47,2,5,"€23,807,666",Roll
18/08/06 00:00,12 37 39 40 50,1,2,"€31,392,520",Roll
25/08/06 00:00,10 28 40 47 48,6,8,"€39,013,160",Won
01/09/06 00:00,3 7 25 45 50,6,9,"€10,155,000",Roll
08/09/06 00:00,1 10 12 32 33,1,8,"€17,240,142",Roll
15/09/06 00:00,6 10 16 26 49,7,9,"€24,337,182",Roll
22/09/06 00:00,10 29 30 45 49,3,8,"€31,939,763",Roll
29/09/06 00:00,1 3 6 18 24,5,8,"€40,239,985",Roll
06/10/06 00:00,5 11 22 35 38,7,8,"€46,854,371",Roll
13/10/06 00:00,2 25 32 38 41,3,5,"€56,070,560",Roll
20/10/06 00:00,10 19 34 45 47,3,6,"€65,142,684",Roll
27/10/06 00:00,3 4 8 44 50,7,8,"€76,340,225",Roll
03/11/06 00:00,11 13 24 44 49,3,9,"€88,344,099",Roll
10/11/06 00:00,14 21 27 30 36,2,3,"€103,732,783",Roll
17/11/06 00:00,12 22 32 33 36,2,6,"€123,232,395",Won
24/11/06 00:00,5 8 17 25 40,1,5,"€10,123,500",Won
01/12/06 00:00,4 8 16 37 41,2,5,"€10,155,000",Roll
08/12/06 00:00,16 17 18 36 47,1,2,"€18,316,018",Roll
15/12/06 00:00,9 23 35 37 42,3,7,"€26,717,930",Roll
22/12/06 00:00,9 11 20 38 43,2,3,"€35,802,728",Roll
29/12/06 00:00,6 9 13 14 35,3,4,"€45,347,820",Roll
05/01/07 00:00,17 19 29 36 45,5,6,"€53,017,330",Won
12/01/07 00:00,8 11 14 19 25,3,5,"€9,931,500",Won
19/01/07 00:00,5 13 27 33 42,2,4,"€9,892,500",Won
26/01/07 00:00,11 15 23 30 38,4,9,"€9,925,500",Roll
02/02/07 00:00,14 23 27 30 36,1,6,"€17,980,945",Won
09/02/07 00:00,14 16 30 36 46,2,8,"€66,980,000",Won
16/02/07 00:00,8 19 20 39 50,6,9,"€10,147,500",Roll
23/02/07 00:00,2 15 18 20 22,2,5,"€19,003,239",Roll
02/03/07 00:00,3 16 34 38 48,5,8,"€28,815,322",Won
09/03/07 00:00,2 3 25 43 48,6,9,"€10,222,500",Roll
16/03/07 00:00,4 14 31 45 49,4,9,"€19,068,212",Roll
23/03/07 00:00,5 13 17 40 43,1,3,"€27,883,920",Won
30/03/07 00:00,9 17 19 41 46,1,8,"€10,222,500",Roll
06/04/07 00:00,15 23 29 41 48,3,6,"€18,409,444",Won
13/04/07 00:00,7 20 25 38 41,3,7,"€10,255,500",Won
20/04/07 00:00,23 26 32 41 45,3,7,"€10,222,500",Roll
27/04/07 00:00,7 18 27 36 44,1,2,"€18,412,118",Roll
04/05/07 00:00,6 17 35 41 45,1,5,"€27,129,600",Roll
11/05/07 00:00,7 12 26 29 49,2,6,"€36,553,818",Won
18/05/07 00:00,26 34 37 39 49,2,6,"€10,300,500",Won
25/05/07 00:00,25 26 29 49 50,7,8,"€10,198,500",Won
01/06/07 00:00,6 22 37 41 42,6,9,"€10,213,500",Won
08/06/07 00:00,1 15 17 25 45,2,8,"€10,227,000",Roll
15/06/07 00:00,5 7 14 21 40,3,8,"€18,315,755",Won
22/06/07 00:00,11 16 17 22 34,5,6,"€10,143,000",Roll
29/06/07 00:00,8 12 28 33 45,1,3,"€18,141,468",Roll
06/07/07 00:00,4 5 19 39 41,8,9,"€27,130,830",Roll
13/07/07 00:00,9 13 15 31 48,3,6,"€38,751,123",Won
20/07/07 00:00,10 21 25 26 50,4,9,"€10,129,500",Roll
27/07/07 00:00,1 4 21 29 41,7,8,"€18,065,039",Roll
03/08/07 00:00,10 30 33 37 41,1,8,"€26,567,438",Roll
10/08/07 00:00,23 40 42 43 49,2,6,"€35,425,412",Won
17/08/07 00:00,2 3 13 38 42,7,8,"€10,245,000",Roll
24/08/07 00:00,1 3 16 42 48,2,3,"€18,180,933",Roll
31/08/07 00:00,6 18 22 23 37,5,6,"€26,533,768",Won
07/09/07 00:00,2 3 33 34 42,3,5,"€10,222,500",Won
14/09/07 00:00,5 9 11 29 33,7,9,"€10,407,000",Roll
21/09/07 00:00,1 17 32 35 37,1,8,"€19,075,668",Won
28/09/07 00:00,22 30 34 35 44,4,5,"€89,986,000",Won
05/10/07 00:00,11 20 27 35 44,2,5,"€10,425,000",Won
12/10/07 00:00,21 32 36 46 47,3,4,"€10,500,000",Won
19/10/07 00:00,7 18 34 35 40,7,8,"€10,515,000",Roll
26/10/07 00:00,7 20 38 40 43,1,8,"€19,424,115",Roll
02/11/07 00:00,3 16 18 19 40,1,2,"€28,675,991",Won
09/11/07 00:00,5 14 22 25 36,5,6,"€10,567,500",Won
16/11/07 00:00,9 18 23 33 37,1,8,"€10,744,500",Roll
23/11/07 00:00,2 10 22 29 48,3,9,"€19,779,134",Won
30/11/07 00:00,12 19 20 30 38,7,9,"€10,713,000",Roll
07/12/07 00:00,2 4 32 43 48,1,7,"€19,829,479",Won
14/12/07 00:00,8 25 30 36 44,3,4,"€10,795,500",Roll
21/12/07 00:00,7 9 28 37 44,6,7,"€20,144,622",Won
28/12/07 00:00,20 21 22 31 45,7,9,"€11,092,500",Roll
04/01/08 00:00,10 12 24 25 41,3,5,"€20,174,823",Roll
11/01/08 00:00,8 24 36 49 50,4,8,"€30,830,593",Roll
18/01/08 00:00,14 16 23 40 46,4,8,"€43,043,848",Roll
25/01/08 00:00,2 6 9 19 45,7,8,"€56,838,131",Won
01/02/08 00:00,22 30 45 47 49,4,9,"€11,314,500",Roll
08/02/08 00:00,17 28 30 38 44,1,4,"€96,525,000",Won
15/02/08 00:00,12 27 29 45 46,4,7,"€11,254,500",Roll
22/02/08 00:00,4 27 32 46 50,8,9,"€21,828,987",Won
29/02/08 00:00,12 37 40 47 49,2,9,"€11,482,500",Won
07/03/08 00:00,2 7 14 17 35,1,6,"€11,449,500",Roll
14/03/08 00:00,13 21 25 35 48,4,8,"€21,956,568",Won
21/03/08 00:00,2 10 18 22 36,4,6,"€11,700,000",Won
28/03/08 00:00,5 9 17 29 39,3,6,"€11,893,500",Roll
04/04/08 00:00,11 13 18 37 47,1,6,"€22,132,109",Roll
11/04/08 00:00,6 25 30 45 50,5,7,"€34,029,801",Roll
18/04/08 00:00,3 6 7 27 50,5,9,"€46,291,408",Won
25/04/08 00:00,4 19 26 27 30,3,8,"€11,808,000",Roll
02/05/08 00:00,2 26 37 45 48,4,8,"€21,330,632",Roll
09/05/08 00:00,8 9 40 42 45,6,7,"€32,235,833",Roll
16/05/08 00:00,6 9 15 25 38,4,9,"€44,376,310",Won
23/05/08 00:00,5 9 19 21 38,1,7,"€11,959,500",Won
30/05/08 00:00,5 7 14 20 49,2,8,"€11,785,550",Won
06/06/08 00:00,7 19 21 40 50,2,9,"€12,021,000",Roll
13/06/08 00:00,13 16 37 44 50,1,9,"€23,643,210",Roll
20/06/08 00:00,8 11 36 37 45,3,5,"€34,282,210",Roll
27/06/08 00:00,5 20 26 44 50,5,7,"€46,162,270",Won
04/07/08 00:00,7 19 22 27 48,5,7,"€11,887,500",Won
11/07/08 00:00,9 11 13 19 37,3,4,"€12,022,500",Won
18/07/08 00:00,10 14 16 29 44,5,6,"€11,904,000",Won
25/07/08 00:00,7 11 15 24 29,2,7,"€11,836,500",Roll
01/08/08 00:00,1 22 25 40 50,1,8,"€21,278,542",Roll
08/08/08 00:00,4 5 15 16 45,4,7,"€31,572,685",Roll
15/08/08 00:00,11 17 18 26 31,5,6,"€42,652,554",Roll
22/08/08 00:00,7 27 29 39 50,5,7,"€56,497,830",Roll
29/08/08 00:00,2 20 25 37 39,5,8,"€73,535,143",Roll
05/09/08 00:00,7 12 16 17 39,3,8,"€96,494,237",Won
12/09/08 00:00,19 23 33 37 50,3,7,"€11,902,500",Won
19/09/08 00:00,14 16 19 20 31,6,9,"€11,848,500",Roll
26/09/08 00:00,14 29 31 33 37,1,2,"€102,804,000",Won
03/10/08 00:00,4 13 19 23 38,2,3,"€11,697,000",Roll
10/10/08 00:00,4 15 22 31 41,1,6,"€22,911,461",Won
17/10/08 00:00,3 10 12 42 50,1,5,"€11,643,000",Roll
24/10/08 00:00,7 15 16 17 45,6,9,"€22,430,836",Roll
31/10/08 00:00,3 18 25 34 41,2,5,"€34,072,303",Won
07/11/08 00:00,1 9 12 17 18,3,4,"€12,232,500",Won
14/11/08 00:00,8 10 14 21 26,3,4,"€12,916,500",Won
21/11/08 00:00,9 14 21 49 50,3,8,"€12,733,500",Roll
28/11/08 00:00,8 11 16 25 41,2,4,"€23,209,583",Won
05/12/08 00:00,4 8 21 35 45,5,8,"€12,993,000",Won
12/12/08 00:00,2 19 28 42 49,2,7,"€13,447,500",Won
19/12/08 00:00,28 29 40 46 50,5,7,"€14,019,000",Roll
26/12/08 00:00,1 2 26 44 50,1,7,"€25,725,186",Roll
02/01/09 00:00,29 30 36 37 48,1,6,"€38,731,512",Roll
09/01/09 00:00,7 15 22 28 48,1,4,"€50,993,587",Won
16/01/09 00:00,3 17 22 49 50,3,6,"€13,554,000",Won
23/01/09 00:00,32 33 36 40 49,2,8,"€14,193,000",Roll
30/01/09 00:00,4 29 34 35 46,5,8,"€25,509,888",Won
06/02/09 00:00,10 20 30 36 40,3,5,"€13,126,500",Won
13/02/09 00:00,22 33 36 40 42,1,2,"€13,461,000",Roll
20/02/09 00:00,9 12 13 14 48,1,2,"€25,094,625",Roll
27/02/09 00:00,5 9 37 44 45,6,9,"€38,191,683",Roll
06/03/09 00:00,13 17 19 25 35,5,6,"€90,120,000",Won
13/03/09 00:00,12 24 26 36 42,1,4,"€14,858,473",Roll
20/03/09 00:00,12 16 23 31 35,4,6,"€28,047,380",Won
27/03/09 00:00,25 33 36 38 42,6,7,"€14,082,000",Roll
03/04/09 00:00,2 20 24 32 46,1,9,"€25,879,558",Roll
10/04/09 00:00,9 14 16 37 46,2,4,"€38,126,495",Roll
17/04/09 00:00,4 7 21 44 47,1,5,"€51,694,404",Roll
24/04/09 00:00,4 14 21 24 41,5,8,"€69,762,491",Roll
01/05/09 00:00,5 19 31 38 47,3,5,"€88,364,737",Roll
08/05/09 00:00,4 23 24 29 31,8,9,"€113,229,891",Won
15/05/09 00:00,8 18 19 20 42,5,9,"€13,402,500",Won
22/05/09 00:00,4 13 14 33 43,1,6,"€13,254,000",Roll
29/05/09 00:00,2 5 30 37 47,3,6,"€24,953,014",Roll
05/06/09 00:00,11 19 26 35 40,2,5,"€37,574,774",Roll
12/06/09 00:00,6 14 16 34 50,4,6,"€49,902,539",Won
19/06/09 00:00,4 16 17 20 29,5,7,"€12,853,500",Won
26/06/09 00:00,6 11 21 30 39,2,8,"€12,787,500",Roll
03/07/09 00:00,21 29 34 46 47,6,8,"€24,056,336",Roll
10/07/09 00:00,6 16 20 42 46,1,6,"€36,399,342",Roll
17/07/09 00:00,2 8 17 32 50,3,7,"€49,802,092",Won
24/07/09 00:00,14 15 25 35 47,5,9,"€13,008,000",Roll
31/07/09 00:00,5 9 20 21 26,3,6,"€23,957,846",Roll
07/08/09 00:00,10 20 22 24 31,2,7,"€35,727,239",Roll
14/08/09 00:00,5 8 24 30 49,3,9,"€49,372,566",Roll
21/08/09 00:00,4 7 16 31 42,3,5,"€65,462,542",Won
28/08/09 00:00,8 36 37 41 49,5,7,"€13,219,500",Roll
04/09/09 00:00,6 9 20 38 39,3,9,"€24,942,782",Roll
11/09/09 00:00,12 15 35 42 43,4,6,"€37,805,108",Roll
18/09/09 00:00,6 16 30 38 41,2,4,"€90,740,000",Won
25/09/09 00:00,6 17 18 21 34,3,9,"€13,830,000",Won
02/10/09 00:00,22 23 24 29 44,1,5,"€13,764,000",Roll
09/10/09 00:00,7 11 29 46 50,4,7,"€27,066,647",Roll
16/10/09 00:00,12 23 30 31 47,3,4,"€40,391,228",Roll
23/10/09 00:00,6 18 20 29 31,2,8,"€55,868,893",Roll
30/10/09 00:00,9 33 35 38 40,2,6,"€71,278,155",Roll
06/11/09 00:00,11 19 34 43 45,5,9,"€91,141,671",Won
13/11/09 00:00,13 15 25 26 32,3,4,"€14,839,480",Won
20/11/09 00:00,5 9 28 43 47,2,9,"€13,536,000",Won
27/11/09 00:00,5 8 13 15 33,8,9,"€13,660,500",Roll
04/12/09 00:00,18 19 25 30 44,1,3,"€26,301,056",Roll
11/12/09 00:00,20 41 43 44 46,2,9,"€39,585,642",Roll
18/12/09 00:00,14 30 32 35 49,3,8,"€52,883,496",Won
25/12/09 00:00,4 5 14 17 34,3,5,"€13,590,000",Roll
01/01/10 00:00,9 22 24 27 36,5,7,"€25,315,385",Roll
08/01/10 00:00,4 5 14 44 46,8,9,"€38,666,984",Roll
15/01/10 00:00,11 26 29 49 50,4,7,"€52,302,248",Won
22/01/10 00:00,4 22 27 36 44,7,9,"€13,197,000",Roll
29/01/10 00:00,9 17 30 39 43,5,7,"€25,403,095",Won
05/02/10 00:00,34 35 38 39 46,3,4,"€87,570,000",Roll
12/02/10 00:00,1 5 18 38 45,4,6,"€112,016,226",Won
19/02/10 00:00,12 31 37 38 43,2,3,"€13,222,500",Roll
26/02/10 00:00,7 11 18 29 42,6,7,"€26,963,008",Roll
05/03/10 00:00,12 18 19 43 49,3,9,"€41,706,216",Won
12/03/10 00:00,1 26 33 36 46,6,7,"€13,633,500",Roll
19/03/10 00:00,10 28 30 38 39,2,7,"€26,412,247",Roll
26/03/10 00:00,8 16 18 37 43,2,6,"€39,754,555",Won
02/04/10 00:00,12 18 24 26 45,4,5,"€13,339,500",Won
09/04/10 00:00,7 21 23 24 44,3,4,"€13,177,500",Roll
16/04/10 00:00,9 11 17 26 40,3,9,"€25,378,348",Roll
23/04/10 00:00,3 7 8 43 46,6,8,"€38,064,784",Roll
30/04/10 00:00,6 22 24 25 36,3,8,"€52,603,784",Roll
07/05/10 00:00,3 6 15 21 32,7,9,"€67,967,555",Roll
14/05/10 00:00,1 17 31 43 47,2,3,"€84,451,321",Won
21/05/10 00:00,7 19 30 38 50,4,7,"€13,072,500",Won
28/05/10 00:00,4 9 31 32 33,3,7,"€12,693,000",Won
04/06/10 00:00,4 17 34 40 42,4,9,"€12,442,500",Won
11/06/10 00:00,2 22 24 36 44,1,2,"€12,408,000",Won
18/06/10 00:00,2 29 31 32 38,1,4,"€12,540,000",Roll
25/06/10 00:00,1 8 18 28 31,8,9,"€23,090,988",Won
02/07/10 00:00,12 13 36 41 46,1,8,"€12,424,500",Roll
09/07/10 00:00,9 24 37 39 49,3,9,"€23,591,586",Roll
16/07/10 00:00,38 39 45 46 49,7,8,"€35,767,540",Won
23/07/10 00:00,4 13 35 37 46,3,9,"€12,592,500",Roll
30/07/10 00:00,3 4 11 28 39,2,8,"€23,414,853",Won
06/08/10 00:00,13 25 28 29 42,4,5,"€12,502,500",Won
13/08/10 00:00,4 9 15 21 47,2,7,"€12,280,500",Won
20/08/10 00:00,5 27 31 40 42,1,6,"€12,202,500",Won
27/08/10 00:00,1 6 13 30 49,1,9,"€12,346,500",Won
03/09/10 00:00,13 24 26 47 49,4,8,"€12,543,000",Won
10/09/10 00:00,17 21 35 41 45,1,5,"€12,454,500",Won
17/09/10 00:00,17 27 29 38 50,1,3,"€12,558,000",Roll
24/09/10 00:00,1 4 16 40 48,1,9,"€24,470,942",Won
01/10/10 00:00,1 4 6 27 48,1,6,"€87,100,000",Roll
08/10/10 00:00,9 30 35 39 46,6,8,"€113,019,926",Won
15/10/10 00:00,2 31 36 38 43,3,7,"€13,152,000",Roll
22/10/10 00:00,4 5 9 11 39,3,5,"€26,231,924",Won
29/10/10 00:00,16 20 22 32 42,8,9,"€13,024,500",Roll
05/11/10 00:00,21 23 33 40 50,4,5,"€25,300,621",Won
12/11/10 00:00,7 19 23 29 47,1,6,"€13,716,650",Roll
19/11/10 00:00,12 15 32 36 45,7,9,"€25,874,272",Roll
26/11/10 00:00,9 28 36 41 49,5,7,"€38,556,253",Won
03/12/10 00:00,8 19 28 32 46,4,7,"€12,748,500",Roll
10/12/10 00:00,2 3 10 33 46,7,8,"€24,100,215",Roll
17/12/10 00:00,3 20 29 35 42,3,8,"€37,234,742",Won
24/12/10 00:00,19 36 38 42 46,2,8,"€16,301,884",Won
31/12/10 00:00,2 24 34 38 43,1,7,"€13,178,614",Won
07/01/11 00:00,1 22 32 48 50,6,7,"€12,487,500",Won
14/01/11 00:00,2 14 24 39 44,6,7,"€12,657,000",Roll
21/01/11 00:00,3 11 13 18 21,4,5,"€24,708,723",Won
28/01/11 00:00,13 23 24 41 42,1,5,"€12,940,500",Roll
04/02/11 00:00,2 11 24 35 47,5,9,"€24,368,199",Won
11/02/11 00:00,12 14 15 19 23,7,8,"€12,714,000",Roll
18/02/11 00:00,2 3 15 45 49,5,9,"€24,146,665",Roll
25/02/11 00:00,12 13 42 45 48,3,9,"€37,687,076",Roll
04/03/11 00:00,11 25 27 28 41,5,8,"€53,278,317",Roll
11/03/11 00:00,17 19 24 37 46,2,7,"€71,628,834",Roll
18/03/11 00:00,1 13 20 26 50,6,7,"€94,101,577",Roll
25/03/11 00:00,6 12 21 27 33,3,7,"€121,722,017",Won
01/04/11 00:00,4 17 21 22 33,4,8,"€13,269,000",Won
08/04/11 00:00,21 23 38 47 50,2,6,"€13,275,000",Roll
15/04/11 00:00,4 6 21 39 41,2,6,"€25,974,202",Roll
22/04/11 00:00,11 22 36 45 48,1,4,"€38,301,216",Won
29/04/11 00:00,15 25 38 40 41,1,2,"€13,335,000",Roll
06/05/11 00:00,11 16 20 22 28,4,9,"€25,227,296",Won
10/05/11 00:00,3 10 15 28 45,5,7,"€88,200,000",Roll
13/05/11 00:00,9 11 17 36 47,1,2,"€105,892,179",Won
17/05/11 00:00,20 21 37 45 46,2,3,"€13,143,000",Roll
20/05/11 00:00,10 14 20 25 42,8,11,"€24,115,451",Won
24/05/11 00:00,16 23 24 26 29,2,9,"€13,102,500",Roll
27/05/11 00:00,9 17 25 28 49,8,9,"€23,752,200",Roll
31/05/11 00:00,1 9 10 22 50,5,11,"€29,730,067",Roll
03/06/11 00:00,4 39 40 49 50,2,5,"€41,359,053",Roll
07/06/11 00:00,6 25 36 38 40,4,10,"€48,962,688",Roll
10/06/11 00:00,3 19 20 37 48,8,11,"€60,872,491",Roll
14/06/11 00:00,5 12 19 41 48,8,10,"€68,132,630",Roll
17/06/11 00:00,11 16 21 22 44,3,8,"€82,001,875",Roll
21/06/11 00:00,17 20 35 49 50,3,4,"€91,693,456",Roll
24/06/11 00:00,5 16 20 30 41,6,11,"€107,428,374",Roll
28/06/11 00:00,15 16 30 44 50,2,3,"€120,687,895",Roll
01/07/11 00:00,8 11 23 31 46,8,9,"€141,820,902",Roll
05/07/11 00:00,11 28 29 47 49,1,5,"€159,008,879",Roll
08/07/11 00:00,12 13 23 40 49,7,10,"€164,761,000",Roll
12/07/11 00:00,17 19 38 42 45,9,10,"€161,653,000",Won
15/07/11 00:00,6 26 33 34 39,3,4,"€13,173,000",Roll
19/07/11 00:00,3 16 25 26 35,5,9,"€20,319,793",Won
22/07/11 00:00,4 15 23 49 50,2,6,"€13,225,500",Won
26/07/11 00:00,1 5 22 25 48,3,11,"€13,272,000",Roll
29/07/11 00:00,12 19 27 37 38,5,10,"€23,933,989",Won
02/08/11 00:00,5 8 14 24 33,3,8,"€13,080,000",Roll
05/08/11 00:00,13 14 18 32 34,1,10,"€23,440,309",Roll
09/08/11 00:00,7 23 24 34 36,8,11,"€30,055,771",Roll
12/08/11 00:00,7 10 20 27 37,4,7,"€40,675,287",Roll
16/08/11 00:00,1 13 17 18 45,3,8,"€47,058,914",Roll
19/08/11 00:00,6 14 16 28 31,2,11,"€58,085,462",Roll
23/08/11 00:00,4 6 14 42 50,2,4,"€65,488,523",Roll
26/08/11 00:00,12 22 25 33 45,5,7,"€78,976,312",Roll
30/08/11 00:00,2 8 10 19 46,5,9,"€87,376,837",Roll
02/09/11 00:00,12 26 37 38 44,4,7,"€101,404,135",Roll
06/09/11 00:00,35 42 47 48 50,8,9,"€111,920,466",Roll
09/09/11 00:00,5 21 28 31 34,1,2,"€126,867,263",Roll
13/09/11 00:00,9 28 30 32 49,9,10,"€140,822,522",Won
16/09/11 00:00,2 8 17 39 42,3,10,"€13,108,500",Won
20/09/11 00:00,9 19 25 36 38,7,11,"€13,039,500",Roll
23/09/11 00:00,6 14 33 34 48,2,6,"€23,961,854",Roll
27/09/11 00:00,18 27 28 35 40,3,5,"€30,913,743",Roll
30/09/11 00:00,5 15 28 31 44,1,6,"€41,738,266",Won
04/10/11 00:00,14 16 23 38 45,8,11,"€86,290,000",Roll
07/10/11 00:00,18 26 34 38 42,5,8,"€101,203,601",Won
11/10/11 00:00,1 4 12 16 48,9,10,"€13,152,000",Roll
14/10/11 00:00,12 23 29 32 47,3,5,"€24,130,874",Roll
18/10/11 00:00,18 23 37 46 48,2,10,"€30,927,684",Roll
21/10/11 00:00,2 19 33 37 46,5,8,"€41,682,028",Won
25/10/11 00:00,12 22 27 28 39,4,10,"€13,059,000",Roll
28/10/11 00:00,16 17 20 39 50,4,8,"€23,734,845",Roll
01/11/11 00:00,14 20 23 45 46,1,11,"€28,991,611",Roll
04/11/11 00:00,11 14 41 43 50,2,9,"€39,862,087",Roll
08/11/11 00:00,1 4 15 29 40,1,5,"€46,793,457",Roll
11/11/11 00:00,1 4 18 23 30,3,7,"€58,162,735",Won
15/11/11 00:00,6 17 22 45 47,3,11,"€12,817,500",Won
18/11/11 00:00,4 12 24 39 44,2,4,"€12,850,500",Roll
22/11/11 00:00,16 18 24 38 40,2,4,"€18,941,023",Roll
25/11/11 00:00,14 19 26 28 34,5,8,"€30,126,040",Won
29/11/11 00:00,11 25 41 45 50,2,7,"€12,825,000",Roll
02/12/11 00:00,7 27 30 40 43,8,9,"€23,341,756",Won
06/12/11 00:00,19 20 21 34 38,3,9,"€12,904,500",Roll
09/12/11 00:00,12 21 29 44 47,1,2,"€22,918,879",Roll
13/12/11 00:00,7 12 18 33 37,1,11,"€28,908,882",Roll
16/12/11 00:00,2 5 10 23 31,2,5,"€39,175,449",Won
20/12/11 00:00,1 9 12 14 48,1,7,"€12,549,000",Roll
23/12/11 00:00,7 21 22 24 28,1,11,"€25,852,188",Roll
27/12/11 00:00,19 21 25 26 44,3,7,"€31,879,970",Roll
30/12/11 00:00,16 36 43 44 50,7,8,"€43,303,615",Roll
03/01/12 00:00,3 30 42 45 49,5,10,"€50,010,872",Roll
06/01/12 00:00,1 6 10 12 31,2,7,"€60,355,246",Won
10/01/12 00:00,4 9 10 30 40,2,9,"€12,394,500",Roll
13/01/12 00:00,13 14 21 27 39,6,8,"€24,189,679",Roll
17/01/12 00:00,12 22 30 31 44,5,6,"€30,343,120",Roll
20/01/12 00:00,2 10 22 27 28,6,8,"€40,627,241",Won
24/01/12 00:00,1 2 6 20 36,8,11,"€12,000,000",Roll
27/01/12 00:00,10 13 19 39 44,2,6,"€22,380,458",Roll
31/01/12 00:00,9 34 38 43 45,2,4,"€28,074,424",Roll
03/02/12 00:00,16 19 20 25 28,1,10,"€38,388,399",Roll
07/02/12 00:00,3 15 17 28 33,2,4,"€45,160,172",Won
10/02/12 00:00,3 8 14 31 41,7,11,"€12,565,500",Roll
14/02/12 00:00,14 27 36 42 46,8,11,"€18,731,949",Roll
17/02/12 00:00,4 11 28 38 47,10,11,"€28,527,269",Roll
21/02/12 00:00,11 14 24 25 29,7,11,"€35,110,192",Roll
24/02/12 00:00,3 7 12 26 34,8,10,"€46,432,285",Won
28/02/12 00:00,1 10 17 33 48,2,3,"€12,720,000",Roll
02/03/12 00:00,5 6 11 30 44,2,6,"€22,198,233",Won
06/03/12 00:00,23 24 27 37 47,2,6,"€12,000,000",Roll
09/03/12 00:00,3 32 36 39 47,6,9,"€22,200,501",Roll
13/03/12 00:00,1 10 25 43 47,8,9,"€28,201,173",Roll
16/03/12 00:00,3 4 12 23 50,4,7,"€38,034,640",Won
20/03/12 00:00,15 16 28 30 46,3,4,"€12,508,500",Roll
23/03/12 00:00,9 15 23 31 50,8,11,"€21,827,112",Won
27/03/12 00:00,24 27 29 34 36,7,8,"€12,555,000",Won
30/03/12 00:00,4 17 23 36 46,6,10,"€12,522,000",Roll
03/04/12 00:00,1 8 18 25 30,9,10,"€18,087,550",Roll
06/04/12 00:00,11 20 30 35 45,2,3,"€27,033,455",Roll
10/04/12 00:00,22 25 27 36 37,5,9,"€32,603,075",Roll
13/04/12 00:00,8 13 26 39 43,3,5,"€44,408,417",Won
17/04/12 00:00,10 28 33 48 49,1,10,"€12,369,000",Roll
20/04/12 00:00,3 6 29 32 41,10,11,"€21,345,735",Roll
24/04/12 00:00,8 9 24 43 48,3,5,"€26,895,374",Roll
27/04/12 00:00,20 27 30 36 43,1,6,"€36,231,900",Won
01/05/12 00:00,4 5 15 19 41,9,11,"€12,258,000",Roll
04/05/12 00:00,3 26 39 40 41,1,2,"€21,084,008",Roll
08/05/12 00:00,3 21 34 38 48,5,8,"€26,250,991",Roll
11/05/12 00:00,1 13 17 38 44,2,11,"€35,495,169",Roll
15/05/12 00:00,2 11 13 26 50,2,5,"€41,232,245",Roll
18/05/12 00:00,13 29 43 47 50,9,11,"€53,068,969",Roll
22/05/12 00:00,16 31 32 37 41,1,7,"€60,290,704",Roll
25/05/12 00:00,12 22 35 46 49,2,8,"€71,823,678",Roll
29/05/12 00:00,8 15 17 25 28,3,11,"€80,806,756",Roll
01/06/12 00:00,2 4 14 26 36,9,10,"€97,123,444",Roll
05/06/12 00:00,13 34 37 47 49,8,9,"€109,315,762",Roll
08/06/12 00:00,5 11 22 34 40,9,11,"€127,675,087",Won
12/06/12 00:00,8 15 26 30 48,9,10,"€12,043,500",Roll
15/06/12 00:00,10 22 27 38 48,3,7,"€21,629,100",Won
19/06/12 00:00,7 17 20 35 50,5,11,"€12,109,500",Won
22/06/12 00:00,14 18 19 43 49,3,7,"€12,117,000",Roll
26/06/12 00:00,1 11 20 22 35,8,10,"€17,516,871",Roll
29/06/12 00:00,14 17 28 29 39,1,11,"€26,900,432",Roll
03/07/12 00:00,2 7 22 27 40,3,6,"€32,812,559",Roll
06/07/12 00:00,31 32 38 40 42,1,3,"€42,076,911",Roll
10/07/12 00:00,1 3 16 24 37,1,8,"€48,445,181",Roll
13/07/12 00:00,8 18 25 35 46,4,9,"€60,323,858",Roll
17/07/12 00:00,2 7 24 43 46,8,10,"€67,543,388",Roll
20/07/12 00:00,10 19 23 45 49,9,10,"€79,035,843",Roll
24/07/12 00:00,4 16 18 25 44,1,11,"€87,418,315",Roll
27/07/12 00:00,14 15 21 23 48,2,10,"€110,973,507",Roll
31/07/12 00:00,4 29 35 36 39,8,9,"€123,419,567",Roll
03/08/12 00:00,24 34 35 42 46,1,5,"€142,677,285",Roll
07/08/12 00:00,20 27 34 46 50,2,3,"€151,012,000",Roll
10/08/12 00:00,11 17 21 48 50,9,10,"€148,656,000",Won
14/08/12 00:00,1 16 38 42 45,9,10,"€11,805,000",Roll
17/08/12 00:00,19 25 28 33 44,2,8,"€21,173,767",Roll
21/08/12 00:00,4 5 17 38 48,3,4,"€27,638,401",Roll
24/08/12 00:00,5 6 12 19 37,3,7,"€37,709,047",Won
28/08/12 00:00,1 18 25 26 44,4,5,"€11,914,500",Roll
31/08/12 00:00,16 28 31 33 48,7,11,"€21,380,703",Roll
04/09/12 00:00,11 17 18 39 44,5,10,"€27,605,924",Roll
07/09/12 00:00,13 15 30 35 42,4,6,"€37,827,315",Won
11/09/12 00:00,6 15 22 37 44,2,4,"€12,016,500",Roll
14/09/12 00:00,3 10 23 27 44,7,9,"€21,511,885",Won
18/09/12 00:00,6 7 38 39 44,7,9,"€12,058,500",Roll
21/09/12 00:00,4 19 34 41 43,7,11,"€21,218,945",Roll
25/09/12 00:00,7 25 27 48 49,1,4,"€27,120,727",Roll
28/09/12 00:00,20 23 26 30 33,6,9,"€79,750,000",Won
02/10/12 00:00,4 16 21 36 42,7,8,"€12,015,000",Roll
05/10/12 00:00,9 16 18 19 21,2,3,"€21,701,658",Roll
09/10/12 00:00,2 8 10 23 25,8,9,"€27,768,213",Roll
12/10/12 00:00,6 7 17 35 43,2,8,"€37,648,529",Roll
16/10/12 00:00,10 32 40 41 49,2,8,"€44,407,071",Roll
19/10/12 00:00,16 29 37 40 44,8,10,"€55,297,557",Roll
23/10/12 00:00,1 28 35 38 50,2,10,"€62,668,378",Roll
26/10/12 00:00,5 6 9 27 38,5,11,"€73,585,548",Roll
30/10/12 00:00,23 24 25 31 44,2,3,"€82,777,654",Roll
02/11/12 00:00,3 6 10 11 44,3,4,"€95,574,746",Roll
06/11/12 00:00,7 20 25 35 41,1,9,"€106,443,387",Roll
09/11/12 00:00,14 21 22 28 47,4,5,"€122,416,477",Roll
13/11/12 00:00,11 16 21 24 29,2,6,"€136,124,363",Won
16/11/12 00:00,10 15 19 23 41,2,9,"€12,039,000",Roll
20/11/12 00:00,28 30 42 45 49,5,10,"€18,330,737",Won
23/11/12 00:00,1 9 11 20 40,1,5,"€12,147,000",Roll
27/11/12 00:00,6 10 23 44 49,1,7,"€18,165,905",Roll
30/11/12 00:00,10 18 23 24 40,3,4,"€27,864,810",Roll
04/12/12 00:00,5 10 28 29 44,2,4,"€34,505,412",Roll
07/12/12 00:00,10 16 18 31 42,2,5,"€44,054,164",Roll
11/12/12 00:00,1 4 9 43 50,6,8,"€51,106,703",Roll
14/12/12 00:00,10 11 29 40 43,3,11,"€62,293,153",Roll
18/12/12 00:00,14 18 20 35 44,2,5,"€70,070,413",Roll
21/12/12 00:00,3 5 22 40 42,3,10,"€83,087,699",Won
25/12/12 00:00,14 18 20 23 32,3,10,"€12,322,500",Roll
28/12/12 00:00,17 24 26 27 49,3,5,"€21,875,652",Roll
01/01/13 00:00,2 7 8 36 49,1,11,"€30,730,347",Won
04/01/13 00:00,4 10 22 27 41,8,10,"€12,216,000",Roll
08/01/13 00:00,2 20 22 26 47,5,9,"€18,341,712",Roll
11/01/13 00:00,4 22 29 37 41,4,7,"€28,307,149",Won
15/01/13 00:00,22 38 40 42 47,1,11,"€12,441,000",Roll
18/01/13 00:00,4 26 27 30 39,3,10,"€21,672,986",Roll
22/01/13 00:00,1 10 44 45 48,1,4,"€27,777,897",Roll
25/01/13 00:00,3 10 18 31 37,2,4,"€37,772,357",Won
29/01/13 00:00,9 16 26 36 39,2,6,"€12,862,500",Won
01/02/13 00:00,5 21 34 37 38,1,6,"€13,063,500",Roll
05/02/13 00:00,6 25 31 40 45,6,7,"€19,070,109",Roll
08/02/13 00:00,9 11 14 34 44,10,11,"€27,886,637",Roll
12/02/13 00:00,5 11 16 25 28,7,9,"€34,628,142",Roll
15/02/13 00:00,2 4 22 28 42,4,9,"€44,855,571",Roll
19/02/13 00:00,12 15 28 30 44,8,9,"€52,357,563",Won
22/02/13 00:00,15 16 28 36 37,2,11,"€12,981,000",Roll
26/02/13 00:00,3 12 13 17 30,2,6,"€18,874,481",Roll
01/03/13 00:00,1 11 29 36 42,4,5,"€28,372,232",Roll
05/03/13 00:00,8 19 31 33 39,2,7,"€34,631,815",Roll
08/03/13 00:00,3 20 23 28 42,8,11,"€45,058,160",Won
12/03/13 00:00,2 4 10 22 50,5,8,"€13,135,500",Won
15/03/13 00:00,4 14 21 24 39,3,10,"€12,997,500",Roll
19/03/13 00:00,19 32 35 37 44,1,9,"€18,770,152",Roll
22/03/13 00:00,12 27 32 34 49,8,9,"€85,330,000",Roll
26/03/13 00:00,4 26 30 42 44,6,11,"€96,302,211",Roll
29/03/13 00:00,13 30 43 44 46,5,9,"€112,017,541",Won
02/04/13 00:00,12 17 25 29 41,1,4,"€12,741,000",Roll
05/04/13 00:00,1 11 17 32 39,2,7,"€22,536,828",Won
09/04/13 00:00,15 35 38 44 48,5,10,"€12,825,000",Roll
12/04/13 00:00,5 10 15 28 45,3,9,"€22,422,511",Won
16/04/13 00:00,1 11 22 33 50,4,6,"€12,879,000",Won
19/04/13 00:00,1 8 42 46 48,4,7,"€12,874,500",Roll
23/04/13 00:00,1 4 7 10 50,4,11,"€18,557,707",Roll
26/04/13 00:00,11 16 24 38 40,2,5,"€27,335,676",Won
30/04/13 00:00,13 36 40 43 50,5,9,"€12,727,500",Roll
03/05/13 00:00,3 5 34 40 49,2,3,"€21,355,336",Roll
07/05/13 00:00,13 27 28 42 43,4,6,"€27,337,587",Roll
10/05/13 00:00,1 32 35 45 48,4,11,"€36,503,084",Roll
14/05/13 00:00,7 8 24 27 36,5,11,"€43,382,876",Roll
17/05/13 00:00,6 20 24 25 50,9,10,"€53,520,165",Roll
21/05/13 00:00,7 8 19 28 29,5,9,"€61,122,965",Roll
24/05/13 00:00,7 17 22 27 40,2,3,"€73,074,352",Roll
28/05/13 00:00,8 13 26 34 38,3,11,"€81,381,673",Won
31/05/13 00:00,27 28 29 34 43,5,10,"€12,841,500",Roll
04/06/13 00:00,31 33 34 37 40,1,6,"€19,080,295",Roll
07/06/13 00:00,7 14 26 45 50,2,7,"€85,130,000",Roll
11/06/13 00:00,5 7 9 25 41,1,5,"€96,181,290",Roll
14/06/13 00:00,10 25 41 47 48,6,10,"€111,780,731",Roll
18/06/13 00:00,17 24 33 41 44,1,11,"€125,775,679",Roll
21/06/13 00:00,10 11 30 36 45,1,2,"€143,627,629",Roll
25/06/13 00:00,4 5 13 27 35,1,2,"€159,559,034",Won
28/06/13 00:00,1 15 28 35 47,1,7,"€12,843,000",Won
02/07/13 00:00,11 13 14 28 30,4,5,"€12,844,500",Roll
05/07/13 00:00,4 12 15 28 33,1,10,"€22,417,687",Roll
09/07/13 00:00,16 18 31 38 49,4,10,"€28,847,237",Won
12/07/13 00:00,18 26 32 33 42,2,3,"€12,987,000",Roll
16/07/13 00:00,19 23 34 47 50,4,6,"€19,201,363",Won
19/07/13 00:00,13 16 24 26 35,2,5,"€12,925,500",Won
23/07/13 00:00,14 15 16 19 44,4,5,"€12,907,500",Won
26/07/13 00:00,12 23 29 38 49,3,4,"€13,081,162",Roll
30/07/13 00:00,3 4 11 14 43,1,6,"€19,184,610",Roll
02/08/13 00:00,21 36 37 42 48,4,7,"€28,309,281",Roll
06/08/13 00:00,16 17 31 47 49,3,11,"€34,673,271",Roll
09/08/13 00:00,4 7 9 23 24,8,9,"€44,134,518",Roll
13/08/13 00:00,5 17 20 47 50,1,4,"€51,018,937",Roll
16/08/13 00:00,20 24 27 37 39,5,10,"€60,621,367",Roll
20/08/13 00:00,5 11 42 49 50,8,11,"€68,593,880",Roll
23/08/13 00:00,1 6 26 30 37,5,8,"€80,738,985",Won
27/08/13 00:00,7 30 38 40 43,2,6,"€12,931,500",Roll
30/08/13 00:00,2 17 25 36 45,5,9,"€21,885,637",Won
03/09/13 00:00,5 9 16 18 42,7,9,"€12,709,500",Roll
06/09/13 00:00,11 23 25 32 37,4,7,"€21,603,767",Won
10/09/13 00:00,7 11 14 28 30,2,10,"€12,666,000",Roll
13/09/13 00:00,4 6 14 27 33,5,10,"€23,253,808",Roll
17/09/13 00:00,13 17 21 42 44,9,11,"€29,412,765",Roll
20/09/13 00:00,5 11 35 38 45,2,3,"€38,960,567",Roll
24/09/13 00:00,10 20 26 28 43,9,11,"€45,405,876",Roll
27/09/13 00:00,11 15 38 41 43,2,6,"€55,193,986",Won
01/10/13 00:00,19 23 25 44 48,8,9,"€12,544,500",Roll
04/10/13 00:00,6 20 24 35 50,5,10,"€21,498,731",Roll
08/10/13 00:00,23 24 26 33 42,3,5,"€27,440,665",Roll
11/10/13 00:00,6 12 17 23 43,5,9,"€36,840,020",Roll
15/10/13 00:00,18 27 39 43 47,4,7,"€43,086,063",Won
18/10/13 00:00,5 25 36 46 47,2,6,"€12,711,000",Roll
22/10/13 00:00,29 33 39 41 44,9,11,"€18,308,847",Roll
25/10/13 00:00,2 3 10 31 38,6,10,"€27,080,608",Won
29/10/13 00:00,9 10 30 32 37,2,6,"€12,856,500",Won
01/11/13 00:00,7 19 29 30 33,3,8,"€12,709,500",Roll
05/11/13 00:00,6 12 13 35 38,2,3,"€18,107,224",Won
08/11/13 00:00,20 28 35 42 43,8,10,"€12,510,000",Won
12/11/13 00:00,14 29 37 40 48,2,11,"€12,682,500",Roll
15/11/13 00:00,3 13 15 29 42,1,4,"€83,830,000",Won
19/11/13 00:00,14 15 19 36 45,1,10,"€12,606,000",Roll
22/11/13 00:00,13 25 26 40 50,8,9,"€21,186,645",Roll
26/11/13 00:00,19 23 27 42 44,3,5,"€26,863,588",Won
29/11/13 00:00,2 7 10 23 43,4,7,"€12,429,000",Won
03/12/13 00:00,6 13 15 29 32,2,9,"€12,445,500",Roll
06/12/13 00:00,1 2 18 31 36,7,10,"€20,874,773",Roll
10/12/13 00:00,6 24 35 49 50,1,7,"€26,551,498",Roll
13/12/13 00:00,1 22 23 24 31,6,11,"€37,664,283",Roll
17/12/13 00:00,6 8 27 37 41,7,10,"€44,362,413",Roll
20/12/13 00:00,12 13 17 22 43,3,10,"€53,875,274",Roll
24/12/13 00:00,5 19 31 43 50,2,6,"€62,469,261",Roll
27/12/13 00:00,1 6 13 22 28,5,10,"€72,089,654",Roll
31/12/13 00:00,13 20 24 29 45,3,7,"€83,850,382",Roll
03/01/14 00:00,3 27 31 38 44,3,8,"€96,289,141",Roll
07/01/14 00:00,2 20 27 33 45,6,10,"€108,247,799",Won
10/01/14 00:00,1 2 11 27 29,1,10,"€12,453,000",Roll
14/01/14 00:00,18 20 25 26 37,10,11,"€18,577,883",Roll
17/01/14 00:00,19 26 32 33 42,4,10,"€27,266,155",Roll
21/01/14 00:00,4 12 35 42 48,5,8,"€33,466,125",Roll
24/01/14 00:00,5 19 34 35 41,1,5,"€43,002,299",Roll
28/01/14 00:00,18 20 23 42 48,2,9,"€49,446,896",Roll
31/01/14 00:00,8 10 15 16 31,8,9,"€59,249,234",Won
04/02/14 00:00,1 21 33 37 38,4,8,"€12,433,500",Roll
07/02/14 00:00,3 17 19 46 47,9,10,"€21,037,161",Won
11/02/14 00:00,8 17 25 41 47,1,2,"€12,445,500",Roll
14/02/14 00:00,2 4 6 19 39,2,7,"€20,927,566",Won
18/02/14 00:00,23 26 36 37 49,6,7,"€12,378,000",Roll
21/02/14 00:00,13 17 28 30 32,5,7,"€20,630,644",Roll
25/02/14 00:00,21 25 28 35 42,4,6,"€26,289,565",Roll
28/02/14 00:00,12 32 38 43 44,2,7,"€35,072,863",Won
04/03/14 00:00,3 5 22 27 44,1,6,"€12,375,000",Roll
07/03/14 00:00,5 10 38 40 41,1,8,"€82,990,000",Roll
11/03/14 00:00,1 4 23 33 44,7,8,"€93,707,468",Roll
14/03/14 00:00,6 24 25 27 30,5,9,"€107,932,603",Won
18/03/14 00:00,8 27 34 36 39,5,10,"€12,603,000",Roll
21/03/14 00:00,7 30 37 39 42,5,7,"€21,325,022",Won
25/03/14 00:00,7 20 26 28 50,2,8,"€12,549,000",Roll
28/03/14 00:00,3 4 19 28 43,3,7,"€20,942,416",Won
01/04/14 00:00,16 18 26 38 44,8,10,"€12,457,500",Won
04/04/14 00:00,6 10 28 45 50,10,11,"€12,415,500",Roll
08/04/14 00:00,11 18 29 42 49,4,11,"€17,853,605",Roll
11/04/14 00:00,8 12 19 30 33,4,11,"€26,905,670",Roll
15/04/14 00:00,3 14 26 47 50,7,11,"€32,625,427",Roll
18/04/14 00:00,21 24 31 39 47,3,7,"€40,962,533",Roll
22/04/14 00:00,13 15 20 24 46,1,8,"€46,672,601",Roll
25/04/14 00:00,13 21 24 44 49,1,9,"€56,005,506",Roll
29/04/14 00:00,18 23 26 35 44,3,11,"€62,955,401",Roll
02/05/14 00:00,4 30 31 38 42,2,11,"€73,205,660",Won
06/05/14 00:00,5 19 24 31 37,1,9,"€12,321,000",Roll
09/05/14 00:00,3 21 26 28 45,7,10,"€20,214,823",Roll
13/05/14 00:00,4 13 30 34 47,2,6,"€25,746,571",Roll
16/05/14 00:00,23 26 29 37 40,3,4,"€33,974,182",Roll
20/05/14 00:00,5 33 36 38 47,4,9,"€39,669,453",Roll
23/05/14 00:00,3 8 31 34 47,9,11,"€48,094,706",Roll
27/05/14 00:00,7 13 16 25 26,1,6,"€54,445,724",Roll
30/05/14 00:00,5 24 27 41 45,6,7,"€64,246,871",Roll
03/06/14 00:00,2 15 32 39 44,5,10,"€72,437,363",Roll
06/06/14 00:00,7 25 34 40 49,9,11,"€86,858,395",Roll
10/06/14 00:00,12 18 21 32 33,1,11,"€95,933,457",Roll
13/06/14 00:00,16 18 22 28 46,9,11,"€109,589,905",Won
17/06/14 00:00,11 13 37 40 48,8,9,"€11,983,500",Roll
20/06/14 00:00,5 15 25 38 49,1,2,"€19,964,918",Won
24/06/14 00:00,1 7 20 21 48,4,7,"€12,021,000",Roll
27/06/14 00:00,31 33 34 39 45,2,10,"€19,914,711",Roll
01/07/14 00:00,18 22 25 27 39,5,10,"€25,344,616",Roll
04/07/14 00:00,4 18 39 43 47,2,6,"€33,347,512",Roll
08/07/14 00:00,8 18 22 24 27,4,11,"€39,193,498",Roll
11/07/14 00:00,5 22 35 38 49,4,7,"€47,789,038",Roll
15/07/14 00:00,15 18 20 27 34,1,3,"€53,758,144",Won
18/07/14 00:00,1 11 29 41 43,3,11,"€11,878,500",Roll
22/07/14 00:00,1 24 43 45 50,5,8,"€16,916,606",Roll
25/07/14 00:00,9 10 12 24 43,5,9,"€24,470,875",Roll
29/07/14 00:00,10 23 35 40 43,3,9,"€29,815,964",Won
01/08/14 00:00,24 44 46 48 50,5,10,"€11,977,500",Roll
05/08/14 00:00,5 7 19 21 42,5,11,"€17,029,645",Roll
08/08/14 00:00,21 29 35 43 46,1,9,"€24,759,542",Roll
12/08/14 00:00,7 16 19 22 33,2,5,"€30,079,457",Roll
15/08/14 00:00,4 5 21 23 30,8,10,"€37,718,167",Roll
19/08/14 00:00,4 7 11 34 47,7,8,"€43,584,628",Won
22/08/14 00:00,4 17 29 35 49,1,2,"€12,000,000",Roll
26/08/14 00:00,10 22 36 45 48,4,11,"€16,991,311",Roll
29/08/14 00:00,2 9 26 32 38,3,6,"€24,464,842",Roll
02/09/14 00:00,5 25 31 39 45,1,8,"€29,994,082",Roll
05/09/14 00:00,1 18 23 46 50,3,9,"€37,783,420",Roll
09/09/14 00:00,8 15 19 24 35,8,10,"€44,245,873",Roll
12/09/14 00:00,9 13 26 31 33,7,11,"€52,772,468",Roll
16/09/14 00:00,4 29 30 35 50,2,4,"€59,479,470",Roll
19/09/14 00:00,6 8 34 38 48,3,9,"€68,362,889",Won
23/09/14 00:00,12 13 14 29 35,1,7,"€11,770,500",Roll
26/09/14 00:00,13 27 35 46 47,1,2,"€20,137,574",Roll
30/09/14 00:00,3 13 15 33 42,5,7,"€25,668,301",Won
03/10/14 00:00,4 13 23 48 50,5,10,"€78,370,000",Roll
07/10/14 00:00,9 21 28 30 38,1,8,"€88,304,909",Roll
10/10/14 00:00,6 29 42 45 47,9,10,"€101,812,996",Roll
14/10/14 00:00,4 5 15 23 32,3,7,"€114,362,313",Roll
17/10/14 00:00,1 13 40 48 49,8,10,"€130,128,674",Roll
21/10/14 00:00,20 21 27 33 40,3,10,"€143,641,614",Roll
24/10/14 00:00,3 9 20 30 42,1,6,"€149,758,000",Won
28/10/14 00:00,10 15 17 40 45,1,2,"€11,848,500",Won
31/10/14 00:00,10 13 20 33 41,3,9,"€11,763,000",Roll
04/11/14 00:00,1 6 13 17 26,3,5,"€17,438,916",Roll
07/11/14 00:00,13 25 32 38 46,1,10,"€25,871,873",Won
11/11/14 00:00,2 14 21 36 46,7,11,"€11,766,000",Roll
14/11/14 00:00,17 32 36 38 48,5,8,"€20,235,047",Roll
18/11/14 00:00,2 3 17 36 38,4,11,"€26,007,143",Roll
21/11/14 00:00,4 7 28 32 37,5,10,"€34,100,271",Roll
25/11/14 00:00,3 7 25 32 36,1,6,"€40,715,869",Roll
28/11/14 00:00,6 10 15 23 41,4,10,"€51,217,623",Roll
02/12/14 00:00,3 15 25 44 49,1,9,"€57,837,341",Won
05/12/14 00:00,5 8 37 47 48,2,3,"€11,851,500",Roll
09/12/14 00:00,1 3 31 42 46,4,11,"€17,246,777",Roll
12/12/14 00:00,2 15 28 31 37,4,6,"€25,517,469",Roll
16/12/14 00:00,3 7 12 13 25,5,8,"€31,462,687",Won
19/12/14 00:00,23 29 31 39 44,5,8,"€11,737,500",Won
23/12/14 00:00,8 9 19 25 49,2,10,"€11,787,000",Roll
26/12/14 00:00,17 26 27 45 49,2,3,"€19,781,351",Won
30/12/14 00:00,6 18 39 44 50,8,11,"€11,727,000",Won
02/01/15 00:00,22 24 25 28 49,3,6,"€11,751,000",Roll
06/01/15 00:00,14 20 30 38 49,3,4,"€16,954,080",Roll
09/01/15 00:00,6 21 24 32 45,1,11,"€24,754,047",Won
13/01/15 00:00,8 17 21 31 34,9,10,"€11,659,500",Roll
16/01/15 00:00,29 30 32 34 46,3,6,"€19,476,379",Roll
20/01/15 00:00,15 33 41 44 47,8,10,"€24,827,488",Won
23/01/15 00:00,6 29 30 38 45,1,8,"€11,247,000",Roll
27/01/15 00:00,5 10 31 33 40,8,10,"€16,266,792",Won
30/01/15 00:00,9 13 15 19 24,3,8,"€11,244,000",Won
03/02/15 00:00,17 31 33 44 50,7,11,"€11,370,000",Won
06/02/15 00:00,10 26 30 39 50,7,8,"€11,154,000",Roll
10/02/15 00:00,13 17 20 30 45,9,10,"€16,073,137",Roll
13/02/15 00:00,12 24 39 42 44,3,11,"€24,682,682",Roll
17/02/15 00:00,2 5 18 30 43,1,10,"€30,050,324",Roll
20/02/15 00:00,4 10 14 37 46,4,7,"€37,807,029",Roll
24/02/15 00:00,3 25 28 34 50,1,11,"€43,197,448",Roll
27/02/15 00:00,5 14 17 25 47,9,10,"€52,055,697",Roll
03/03/15 00:00,6 8 11 13 21,7,8,"€59,016,205",Roll
06/03/15 00:00,23 30 47 49 50,2,7,"€72,180,000",Won
10/03/15 00:00,2 6 23 30 31,2,10,"€10,656,000",Roll
13/03/15 00:00,4 5 18 22 23,1,3,"€19,376,761",Roll
17/03/15 00:00,11 23 26 38 44,1,8,"€24,825,416",Roll
20/03/15 00:00,3 14 37 42 48,1,10,"€32,843,195",Roll
24/03/15 00:00,10 24 26 39 40,3,10,"€38,975,399",Roll
27/03/15 00:00,2 30 32 39 44,6,10,"€47,673,633",Roll
31/03/15 00:00,8 20 24 28 49,8,9,"€53,193,914",Won
03/04/15 00:00,27 29 37 39 49,2,4,"€11,055,000",Roll
07/04/15 00:00,18 25 39 44 50,5,8,"€15,679,890",Won
10/04/15 00:00,22 23 25 30 43,5,9,"€10,876,500",Roll
14/04/15 00:00,24 32 34 35 49,1,2,"€15,639,792",Roll
17/04/15 00:00,2 24 30 34 39,8,11,"€22,844,230",Roll
21/04/15 00:00,6 14 17 42 45,1,8,"€28,100,414",Roll
24/04/15 00:00,5 19 29 31 40,3,10,"€36,298,267",Won
28/04/15 00:00,24 26 28 36 45,7,10,"€10,741,500",Roll
01/05/15 00:00,3 19 20 25 26,6,10,"€17,749,913",Roll
05/05/15 00:00,1 10 17 20 42,8,9,"€22,723,433",Roll
08/05/15 00:00,7 14 19 47 49,3,10,"€29,532,380",Roll
12/05/15 00:00,14 29 30 40 46,3,6,"€34,276,743",Won
15/05/15 00:00,5 35 42 44 47,8,9,"€10,932,000",Roll
19/05/15 00:00,26 30 31 35 37,8,11,"€15,476,457",Roll
22/05/15 00:00,18 24 35 44 45,5,11,"€22,169,936",Roll
26/05/15 00:00,5 6 7 21 24,5,6,"€26,656,367",Won
29/05/15 00:00,3 4 20 45 48,6,8,"€10,791,000",Roll
02/06/15 00:00,7 23 29 37 41,1,8,"€15,874,102",Roll
05/06/15 00:00,2 7 8 45 48,1,9,"€72,850,000",Roll
09/06/15 00:00,5 9 17 32 34,6,8,"€82,265,988",Roll
12/06/15 00:00,5 8 10 11 37,7,9,"€93,388,944",Won
16/06/15 00:00,10 15 16 36 37,3,9,"€10,785,000",Roll
19/06/15 00:00,7 14 20 31 42,3,9,"€17,776,969",Won
23/06/15 00:00,4 16 22 38 49,6,9,"€10,669,500",Roll
26/06/15 00:00,3 6 10 19 24,5,7,"€17,954,602",Won
30/06/15 00:00,11 15 28 34 37,1,8,"€10,653,000",Roll
03/07/15 00:00,11 12 15 18 44,3,9,"€17,408,173",Roll
07/07/15 00:00,6 7 18 33 41,3,10,"€22,161,317",Roll
10/07/15 00:00,5 8 15 35 41,4,5,"€29,461,344",Won
14/07/15 00:00,6 18 19 34 36,1,8,"€10,572,000",Roll
17/07/15 00:00,1 21 22 43 48,7,9,"€16,844,082",Roll
21/07/15 00:00,14 20 27 29 44,7,10,"€21,651,101",Roll
24/07/15 00:00,2 9 21 35 46,2,11,"€28,675,998",Won
28/07/15 00:00,23 32 36 43 49,7,8,"€10,639,500",Roll
31/07/15 00:00,16 21 34 40 50,6,9,"€17,564,689",Won
04/08/15 00:00,10 15 39 45 50,9,10,"€10,500,000",Roll
07/08/15 00:00,1 5 21 39 44,4,11,"€17,058,370",Roll
11/08/15 00:00,2 3 8 15 16,4,11,"€21,748,476",Roll
14/08/15 00:00,4 7 39 44 45,3,5,"€28,595,278",Won
18/08/15 00:00,7 10 11 12 19,2,9,"€10,582,500",Roll
21/08/15 00:00,4 16 18 43 47,6,10,"€17,370,968",Roll
25/08/15 00:00,27 31 33 42 50,2,5,"€22,297,655",Won
28/08/15 00:00,11 29 30 31 34,4,7,"€10,908,000",Won
01/09/15 00:00,6 19 21 27 45,1,8,"€11,077,500",Roll
04/09/15 00:00,8 9 27 45 50,8,10,"€17,883,898",Roll
08/09/15 00:00,14 16 39 40 42,1,4,"€22,464,583",Won
11/09/15 00:00,10 18 19 29 50,1,9,"€11,032,500",Roll
15/09/15 00:00,8 15 17 44 49,5,8,"€15,723,801",Roll
18/09/15 00:00,7 29 33 34 39,7,8,"€22,450,618",Roll
22/09/15 00:00,14 23 26 27 29,7,10,"€27,140,220",Roll
25/09/15 00:00,13 14 23 30 37,2,8,"€35,170,064",Won
29/09/15 00:00,11 14 26 29 49,3,9,"€11,152,500",Won
02/10/15 00:00,7 18 21 32 35,2,11,"€11,065,500",Won
06/10/15 00:00,11 20 22 29 32,1,8,"€11,101,500",Roll
09/10/15 00:00,1 40 42 43 47,9,11,"€18,085,197",Roll
13/10/15 00:00,12 15 26 29 47,3,11,"€23,035,307",Won
16/10/15 00:00,7 28 29 43 48,3,10,"€11,035,500",Roll
20/10/15 00:00,17 19 21 30 45,8,10,"€15,634,628",Roll
23/10/15 00:00,7 25 30 32 39,2,8,"€22,011,013",Roll
27/10/15 00:00,11 12 20 25 36,6,9,"€26,892,567",Roll
30/10/15 00:00,8 13 17 21 34,6,7,"€33,935,721",Roll
03/11/15 00:00,8 27 39 46 49,2,6,"€39,134,284",Roll
06/11/15 00:00,3 17 26 38 40,4,10,"€71,380,000",Roll
10/11/15 00:00,6 13 18 39 43,2,8,"€79,495,676",Roll
13/11/15 00:00,10 17 18 33 40,2,8,"€92,419,190",Roll
17/11/15 00:00,6 7 23 37 38,10,11,"€101,384,894",Roll
20/11/15 00:00,4 30 34 46 49,7,8,"€114,814,234",Won
24/11/15 00:00,9 14 16 17 26,10,11,"€10,599,000",Roll
27/11/15 00:00,16 29 30 37 50,6,8,"€18,467,154",Roll
01/12/15 00:00,2 15 25 35 45,8,10,"€23,663,957",Roll
04/12/15 00:00,8 17 18 27 39,1,7,"€31,893,763",Roll
08/12/15 00:00,12 17 29 38 48,9,11,"€37,358,158",Roll
11/12/15 00:00,3 5 21 40 43,6,11,"€45,271,012",Roll
15/12/15 00:00,8 11 23 27 35,4,11,"€51,599,368",Roll
18/12/15 00:00,6 22 26 29 48,5,6,"€60,657,149",Won
22/12/15 00:00,18 19 20 40 41,7,10,"€11,112,000",Roll
25/12/15 00:00,3 10 25 27 40,3,9,"€18,422,340",Roll
29/12/15 00:00,5 20 31 32 36,6,7,"€23,871,796",Roll
01/01/16 00:00,4 37 38 39 44,4,7,"€31,339,370",Roll
05/01/16 00:00,6 10 31 36 39,6,10,"€36,601,816",Roll
08/01/16 00:00,5 26 33 35 40,3,8,"€46,235,544",Roll
12/01/16 00:00,1 2 10 30 44,1,8,"€52,409,215",Roll
15/01/16 00:00,10 19 38 43 46,1,11,"€62,768,100",Roll
19/01/16 00:00,2 30 38 43 46,2,7,"€70,146,761",Roll
22/01/16 00:00,10 12 27 30 47,8,9,"€79,365,304",Roll
26/01/16 00:00,15 24 38 40 48,2,9,"€87,892,394",Roll
29/01/16 00:00,1 5 23 29 32,1,7,"€100,765,091",Won
02/02/16 00:00,6 9 10 21 36,2,6,"€11,373,000",Won
05/02/16 00:00,3 27 32 41 46,4,8,"€11,541,000",Roll
09/02/16 00:00,6 9 13 28 37,4,5,"€17,090,950",Roll
12/02/16 00:00,3 20 28 31 49,2,5,"€24,769,932",Won
16/02/16 00:00,3 10 22 37 50,6,10,"€11,700,000",Roll
19/02/16 00:00,13 14 30 32 39,3,9,"€19,006,842",Roll
23/02/16 00:00,23 25 32 37 42,1,11,"€24,605,103",Won
26/02/16 00:00,5 13 15 33 50,9,11,"€11,842,500",Won
01/03/16 00:00,4 7 13 28 37,10,11,"€11,698,500",Roll
04/03/16 00:00,9 14 16 23 40,1,5,"€19,432,742",Roll
08/03/16 00:00,1 8 9 14 23,1,7,"€24,864,878",Roll
11/03/16 00:00,1 21 26 40 43,6,9,"€32,729,736",Roll
15/03/16 00:00,5 7 10 34 44,2,10,"€38,751,467",Roll
18/03/16 00:00,14 19 21 24 49,5,11,"€46,514,105",Won
22/03/16 00:00,12 15 26 42 49,5,8,"€11,845,500",Roll
25/03/16 00:00,12 19 36 42 43,5,8,"€18,978,724",Roll
29/03/16 00:00,1 4 19 25 36,3,11,"€23,722,612",Roll
01/04/16 00:00,2 16 23 25 49,6,9,"€31,942,807",Roll
05/04/16 00:00,3 5 9 19 40,2,5,"€37,762,659",Roll
08/04/16 00:00,6 8 26 43 49,6,10,"€46,258,071",Roll
12/04/16 00:00,1 5 9 22 38,2,10,"€51,818,874",Won
15/04/16 00:00,13 14 32 37 48,1,7,"€11,932,500",Roll
19/04/16 00:00,11 14 15 27 44,2,7,"€16,895,105",Roll
22/04/16 00:00,17 26 32 34 43,2,10,"€23,868,937",Roll
26/04/16 00:00,10 17 31 32 42,2,5,"€28,958,268",Roll
29/04/16 00:00,4 5 25 28 43,6,11,"€37,275,721",Roll
03/05/16 00:00,8 23 24 34 38,3,7,"€43,360,228",Roll
06/05/16 00:00,32 34 40 45 48,1,10,"€51,342,488",Roll
10/05/16 00:00,2 26 27 40 49,5,10,"€57,525,794",Won
13/05/16 00:00,7 15 28 31 42,10,11,"€11,811,000",Roll
17/05/16 00:00,15 27 32 36 39,3,10,"€16,625,472",Roll
20/05/16 00:00,9 14 30 41 45,4,9,"€23,593,583",Roll
24/05/16 00:00,16 17 23 34 37,6,9,"€28,279,072",Roll
27/05/16 00:00,13 25 27 43 46,4,8,"€35,790,545",Roll
31/05/16 00:00,6 12 26 30 48,6,7,"€41,708,725",Roll
03/06/16 00:00,7 23 31 33 39,6,10,"€50,611,162",Roll
07/06/16 00:00,19 26 35 45 49,2,5,"€57,100,579",Roll
10/06/16 00:00,14 21 35 42 43,7,9,"€67,227,348",Won
14/06/16 00:00,13 34 39 42 50,9,11,"€11,928,000",Roll
17/06/16 00:00,1 7 18 27 43,4,8,"€18,818,757",Roll
21/06/16 00:00,5 17 32 35 49,1,5,"€23,371,931",Roll
24/06/16 00:00,11 19 27 28 39,3,10,"€32,395,415",Won
28/06/16 00:00,26 32 37 43 49,4,5,"€12,448,500",Roll
01/07/16 00:00,2 11 13 40 50,1,10,"€20,022,696",Won
05/07/16 00:00,1 10 29 38 48,3,4,"€12,760,500",Roll
08/07/16 00:00,8 12 18 33 44,4,8,"€20,261,530",Roll
12/07/16 00:00,3 7 26 33 41,2,10,"€25,081,394",Roll
15/07/16 00:00,2 11 13 14 21,1,8,"€32,611,251",Roll
19/07/16 00:00,19 24 28 36 37,3,6,"€38,223,590",Roll
22/07/16 00:00,7 24 26 37 45,5,9,"€45,790,415",Roll
26/07/16 00:00,3 10 13 45 49,2,11,"€51,731,973",Roll
29/07/16 00:00,1 21 26 40 50,2,4,"€61,102,443",Won
02/08/16 00:00,2 8 27 38 46,2,6,"€12,612,000",Roll
05/08/16 00:00,16 19 24 35 37,2,7,"€20,140,295",Roll
09/08/16 00:00,12 19 43 44 45,5,10,"€25,724,734",Roll
12/08/16 00:00,2 15 28 36 50,2,11,"€33,820,376",Roll
16/08/16 00:00,2 26 34 37 46,4,8,"€39,327,773",Roll
19/08/16 00:00,5 6 22 25 34,5,7,"€47,566,032",Won
23/08/16 00:00,2 23 31 37 45,4,8,"€12,870,000",Roll
26/08/16 00:00,1 9 28 30 48,7,8,"€20,257,321",Roll
30/08/16 00:00,13 16 29 35 42,6,8,"€25,605,853",Roll
02/09/16 00:00,8 16 32 40 50,2,11,"€32,837,522",Won
06/09/16 00:00,12 24 30 34 45,7,10,"€12,579,000",Roll
09/09/16 00:00,4 11 15 17 28,1,3,"€20,243,965",Roll
13/09/16 00:00,4 7 16 35 44,1,3,"€25,859,082",Roll
16/09/16 00:00,5 8 14 22 32,2,11,"€34,037,587",Won
20/09/16 00:00,1 4 10 41 45,6,9,"€12,900,000",Roll
23/09/16 00:00,14 16 39 42 49,3,9,"€20,683,054",Won
27/09/16 00:00,6 9 13 39 41,2,12,"€14,671,000",Roll
30/09/16 00:00,17 35 37 43 44,2,10,"€112,697,000",Roll
04/10/16 00:00,4 7 14 34 38,4,11,"€124,041,722",Roll
07/10/16 00:00,2 12 20 27 30,9,11,"€140,104,641",Roll
11/10/16 00:00,5 12 20 24 37,4,11,"€153,361,048",Won
14/10/16 00:00,7 13 19 31 34,1,11,"€15,330,600",Roll
18/10/16 00:00,2 17 21 25 27,6,9,"€23,638,239",Roll
21/10/16 00:00,9 20 23 44 48,8,10,"€35,497,880",Roll
25/10/16 00:00,3 15 20 21 28,1,5,"€44,777,159",Won
28/10/16 00:00,10 16 19 23 43,2,8,"€15,667,698",Won
01/11/16 00:00,6 10 20 29 37,1,9,"€15,362,900",Roll
04/11/16 00:00,7 11 12 44 48,3,7,"€26,830,014",Roll
08/11/16 00:00,5 9 47 49 50,8,9,"€35,072,281",Won
11/11/16 00:00,3 22 23 38 49,2,9,"€14,648,900",Roll
15/11/16 00:00,7 15 36 42 48,3,7,"€22,092,234",Roll
18/11/16 00:00,3 12 27 32 47,6,8,"€32,720,430",Roll
22/11/16 00:00,5 10 33 34 47,2,10,"€40,546,633",Roll
25/11/16 00:00,5 11 17 23 28,10,11,"€52,019,424",Won
29/11/16 00:00,21 26 27 28 38,9,11,"€14,494,200",Roll
02/12/16 00:00,6 11 23 31 32,2,12,"€24,662,130",Won
06/12/16 00:00,1 7 11 27 45,4,9,"€14,392,200",Roll
09/12/16 00:00,6 12 28 37 40,1,5,"€24,450,957",Roll
13/12/16 00:00,14 28 29 48 50,2,8,"€32,050,401",Roll
16/12/16 00:00,6 10 30 41 45,4,11,"€43,003,166",Roll
20/12/16 00:00,13 15 17 21 27,2,3,"€51,875,129",Won
23/12/16 00:00,4 16 20 39 46,2,5,"€14,487,400",Roll
27/12/16 00:00,3 22 25 32 39,7,12,"€21,534,783",Won
30/12/16 00:00,8 10 22 29 47,1,3,"€14,538,400",Roll
03/01/17 00:00,19 23 27 34 49,1,11,"€21,591,336",Roll
06/01/17 00:00,10 14 18 21 49,9,11,"€31,898,943",Roll
10/01/17 00:00,2 11 29 35 44,4,9,"€40,259,650",Roll
13/01/17 00:00,3 7 16 26 50,4,7,"€53,936,316",Roll
17/01/17 00:00,4 16 25 43 47,2,10,"€62,366,698",Roll
20/01/17 00:00,10 17 27 31 49,3,5,"€70,419,453",Roll
24/01/17 00:00,1 5 7 17 23,3,8,"€76,052,175",Won
27/01/17 00:00,17 20 28 45 48,5,9,"€14,495,900",Roll
31/01/17 00:00,3 4 17 23 44,6,9,"€22,233,944",Won
03/02/17 00:00,3 4 15 46 50,5,9,"€14,686,300",Roll
07/02/17 00:00,4 10 31 38 44,8,10,"€21,809,971",Roll
10/02/17 00:00,7 21 26 35 43,2,9,"€32,204,121",Roll
14/02/17 00:00,2 10 24 40 44,3,10,"€39,975,922",Won
17/02/17 00:00,19 25 33 36 48,2,9,"€14,509,500",Won
21/02/17 00:00,13 19 41 45 49,3,4,"€14,383,700",Roll
24/02/17 00:00,2 4 13 22 43,8,9,"€24,449,171",Roll
28/02/17 00:00,10 20 31 35 42,2,12,"€31,923,442",Roll
03/03/17 00:00,2 11 29 30 47,1,12,"€43,311,596",Roll
07/03/17 00:00,6 37 41 48 50,4,5,"€51,910,688",Roll
10/03/17 00:00,31 36 38 47 49,8,11,"€64,931,865",Roll
14/03/17 00:00,3 5 21 36 44,3,6,"€70,386,999",Won
17/03/17 00:00,6 10 19 29 36,3,9,"€14,742,400",Roll
21/03/17 00:00,1 20 23 44 47,4,11,"€21,818,290",Roll
24/03/17 00:00,2 17 21 27 34,5,9,"€31,918,888",Roll
28/03/17 00:00,9 13 31 33 46,6,10,"€39,630,350",Roll
31/03/17 00:00,17 24 26 28 45,4,12,"€49,849,009",Roll
04/04/17 00:00,1 9 24 33 34,2,6,"€58,513,592",Roll
07/04/17 00:00,2 10 19 35 50,6,7,"€65,668,144",Roll
11/04/17 00:00,5 21 22 31 49,2,8,"€70,887,897",Won
14/04/17 00:00,4 14 20 23 33,6,10,"€14,422,800",Roll
18/04/17 00:00,17 22 31 38 45,5,12,"€20,624,201",Roll
21/04/17 00:00,2 13 16 22 49,4,5,"€30,153,753",Roll
25/04/17 00:00,9 11 19 32 43,3,9,"€38,059,267",Roll
28/04/17 00:00,14 20 25 30 39,2,8,"€48,309,589",Roll
02/05/17 00:00,6 19 23 25 27,11,12,"€55,848,627",Roll
05/05/17 00:00,3 7 30 35 43,1,3,"€63,162,406",Roll
09/05/17 00:00,8 12 16 22 26,6,7,"€68,249,429",Roll
12/05/17 00:00,2 20 28 29 44,3,9,"€76,813,393",Roll
16/05/17 00:00,8 11 15 20 30,3,8,"€84,319,251",Roll
19/05/17 00:00,9 11 12 19 30,4,9,"€93,927,013",Roll
23/05/17 00:00,8 15 25 27 42,1,4,"€102,101,430",Roll
26/05/17 00:00,5 7 26 36 39,2,10,"€113,475,960",Roll
30/05/17 00:00,7 12 27 38 48,6,9,"€121,851,562",Roll
02/06/17 00:00,8 10 24 33 42,3,9,"€134,808,762",Won
06/06/17 00:00,20 22 25 37 40,3,7,"€14,866,500",Roll
09/06/17 00:00,9 20 27 39 43,10,11,"€25,684,767",Roll
13/06/17 00:00,3 12 22 27 49,4,11,"€33,506,785",Roll
16/06/17 00:00,15 17 38 41 42,9,12,"€44,150,291",Roll
20/06/17 00:00,11 18 26 43 44,8,10,"€52,594,374",Roll
23/06/17 00:00,3 4 21 31 38,3,7,"€64,082,100",Roll
27/06/17 00:00,9 17 21 28 45,1,3,"€70,127,201",Roll
30/06/17 00:00,17 35 39 47 50,6,8,"€87,570,000",Won
04/07/17 00:00,10 22 25 37 49,5,8,"€14,943,000",Roll
07/07/17 00:00,11 20 35 37 45,3,6,"€25,663,715",Won
11/07/17 00:00,14 22 26 42 50,8,10,"€15,189,500",Won
14/07/17 00:00,11 14 20 21 47,7,10,"€14,900,500",Roll
18/07/17 00:00,1 25 27 41 45,5,7,"€22,265,567",Roll
21/07/17 00:00,1 8 9 26 49,5,9,"€32,874,047",Roll
25/07/17 00:00,12 14 43 44 48,2,11,"€40,445,365",Roll
28/07/17 00:00,5 9 29 31 41,2,4,"€51,702,049",Won
01/08/17 00:00,14 21 24 29 30,8,10,"€15,208,200",Roll
04/08/17 00:00,29 30 36 40 41,2,9,"€25,529,274",Roll
08/08/17 00:00,15 25 26 40 41,4,5,"€33,089,644",Won
11/08/17 00:00,18 28 39 46 48,5,12,"€15,449,600",Roll
15/08/17 00:00,10 14 30 35 46,4,10,"€22,117,219",Roll
18/08/17 00:00,2 24 39 42 45,2,8,"€32,520,149",Roll
22/08/17 00:00,3 10 12 17 27,3,5,"€40,510,685",Won
25/08/17 00:00,1 5 7 15 47,9,12,"€15,735,200",Won
29/08/17 00:00,4 12 15 32 38,1,5,"€15,767,500",Roll
01/09/17 00:00,3 7 8 14 49,5,8,"€25,914,013",Won
05/09/17 00:00,6 9 18 28 29,1,9,"€15,560,100",Roll
08/09/17 00:00,9 24 42 47 49,1,5,"€25,993,675",Roll
12/09/17 00:00,10 17 27 29 35,4,11,"€33,717,075",Roll
15/09/17 00:00,13 18 37 44 49,9,12,"€114,504,000",Roll
19/09/17 00:00,1 8 21 30 45,2,3,"€123,904,174",Roll
22/09/17 00:00,6 11 31 39 42,1,3,"€134,911,784",Roll
26/09/17 00:00,1 29 40 41 48,6,12,"€143,626,132",Roll
29/09/17 00:00,7 18 19 32 48,3,7,"€157,898,325",Roll
03/10/17 00:00,6 24 32 48 50,1,5,"€168,701,000",Roll
06/10/17 00:00,1 9 15 19 25,1,7,"€170,810,000",Won
10/10/17 00:00,4 21 34 36 37,3,6,"€15,209,900",Roll
13/10/17 00:00,23 29 37 45 50,5,11,"€29,491,384",Roll
17/10/17 00:00,13 17 19 26 36,2,3,"€37,871,775",Roll
20/10/17 00:00,4 17 23 27 30,3,8,"€49,712,130",Roll
24/10/17 00:00,9 11 13 27 33,7,10,"€58,670,142",Won
27/10/17 00:00,3 16 23 32 39,1,4,"€15,011,000",Won
31/10/17 00:00,1 12 36 43 46,3,5,"€14,919,200",Roll
03/11/17 00:00,5 12 17 33 41,4,9,"€25,476,778",Won
07/11/17 00:00,7 19 20 37 41,2,12,"€14,970,200",Roll
10/11/17 00:00,13 22 29 36 37,1,9,"€26,361,644",Roll
14/11/17 00:00,14 16 39 40 41,8,10,"€34,502,478",Roll
17/11/17 00:00,20 26 35 36 42,5,12,"€46,135,062",Roll
21/11/17 00:00,2 10 14 28 31,5,7,"€54,215,274",Roll
24/11/17 00:00,19 24 28 30 50,3,10,"€66,743,323",Roll
28/11/17 00:00,1 6 12 18 42,2,7,"€71,866,782",Roll
01/12/17 00:00,5 24 29 35 46,11,12,"€79,577,293",Roll
05/12/17 00:00,11 36 43 44 48,2,7,"€85,788,778",Roll
08/12/17 00:00,4 22 30 32 34,3,4,"€94,304,641",Roll
12/12/17 00:00,20 37 39 44 50,4,8,"€101,938,670",Roll
15/12/17 00:00,25 30 31 42 50,2,11,"€111,674,784",Roll
19/12/17 00:00,8 15 30 38 46,4,7,"€119,876,081",Won
22/12/17 00:00,5 24 30 31 43,3,6,"€15,089,200",Roll
26/12/17 00:00,4 17 30 43 44,2,10,"€21,951,423",Roll
29/12/17 00:00,4 8 22 23 48,1,12,"€34,588,069",Won
02/01/18 00:00,10 20 21 28 48,1,8,"€15,084,100",Roll
05/01/18 00:00,2 5 20 38 41,4,8,"€25,687,589",Roll
09/01/18 00:00,6 12 15 38 49,2,9,"€33,484,288",Roll
12/01/18 00:00,13 21 23 30 45,4,6,"€45,394,452",Roll
16/01/18 00:00,20 23 31 34 46,3,12,"€54,434,216",Roll
19/01/18 00:00,3 8 17 44 50,2,7,"€66,212,715",Roll
23/01/18 00:00,5 8 9 23 24,7,8,"€71,872,851",Roll
26/01/18 00:00,6 15 24 28 48,4,9,"€79,917,041",Roll
30/01/18 00:00,11 15 21 27 35,4,5,"€86,173,606",Roll
02/02/18 00:00,14 34 36 39 48,2,3,"€95,972,671",Roll
06/02/18 00:00,8 17 28 34 38,6,12,"€104,423,108",Roll
09/02/18 00:00,22 31 36 38 44,1,11,"€114,539,544",Roll
13/02/18 00:00,10 13 17 21 44,1,10,"€123,305,866",Roll
16/02/18 00:00,10 12 23 32 50,4,10,"€133,365,227",Roll
20/02/18 00:00,6 14 19 25 29,5,11,"€142,157,622",Roll
23/02/18 00:00,10 17 18 28 47,3,7,"€155,597,796",Won
27/02/18 00:00,3 31 41 48 50,8,11,"€14,956,600",Roll
02/03/18 00:00,2 7 34 45 48,1,12,"€26,096,672",Roll
06/03/18 00:00,15 20 26 31 44,2,9,"€34,392,263",Roll
09/03/18 00:00,9 14 21 32 44,1,12,"€45,846,428",Roll
13/03/18 00:00,9 11 13 33 49,6,12,"€54,643,467",Won
16/03/18 00:00,4 17 24 27 31,10,11,"€14,992,300",Roll
20/03/18 00:00,26 29 37 39 44,9,11,"€22,265,427",Roll
23/03/18 00:00,5 7 11 46 50,8,11,"€32,771,739",Roll
27/03/18 00:00,17 20 23 40 46,9,10,"€40,629,122",Roll
30/03/18 00:00,12 17 28 35 47,7,11,"€51,598,288",Roll
03/04/18 00:00,3 8 16 40 43,5,8,"€59,156,133",Roll
06/04/18 00:00,1 29 33 45 47,4,8,"€66,429,609",Won
10/04/18 00:00,14 27 39 46 48,11,12,"€14,829,100",Won
13/04/18 00:00,5 25 34 48 50,6,7,"€14,740,700",Roll
17/04/18 00:00,15 27 33 39 50,4,6,"€22,289,222",Roll
20/04/18 00:00,3 16 25 39 44,7,11,"€114,010,000",Roll
24/04/18 00:00,20 23 28 30 44,3,7,"€121,328,187",Won
27/04/18 00:00,12 24 40 41 46,5,12,"€14,958,300",Roll
01/05/18 00:00,6 15 17 42 48,4,6,"€21,805,469",Roll
04/05/18 00:00,6 12 23 39 45,9,12,"€32,659,632",Roll
08/05/18 00:00,17 25 35 39 44,2,5,"€39,948,586",Won
11/05/18 00:00,3 22 34 49 50,8,11,"€15,004,200",Roll
15/05/18 00:00,4 16 20 31 39,2,12,"€22,065,747",Roll
18/05/18 00:00,5 8 10 13 31,3,6,"€32,040,070",Roll
22/05/18 00:00,1 11 37 41 48,8,12,"€39,384,424",Roll
25/05/18 00:00,13 15 16 28 41,4,5,"€50,089,464",Roll
29/05/18 00:00,6 11 20 38 43,2,4,"€57,637,756",Roll
01/06/18 00:00,17 18 24 29 40,4,5,"€69,944,630",Won
05/06/18 00:00,9 15 22 39 46,4,5,"€14,886,900",Won
08/06/18 00:00,8 19 32 43 46,2,8,"€14,931,100",Won
12/06/18 00:00,7 21 23 36 38,6,8,"€14,954,900",Roll
15/06/18 00:00,23 26 33 38 49,1,12,"€24,560,828",Roll
19/06/18 00:00,7 19 26 42 50,4,9,"€31,809,040",Won
22/06/18 00:00,14 25 39 41 44,2,8,"€14,960,000",Roll
26/06/18 00:00,15 16 20 34 50,4,7,"€21,730,843",Roll
29/06/18 00:00,15 21 23 40 48,3,12,"€31,647,298",Roll
03/07/18 00:00,1 12 15 29 48,3,5,"€39,091,736",Roll
06/07/18 00:00,8 30 33 38 48,2,10,"€49,801,491",Roll
10/07/18 00:00,3 8 26 33 45,7,10,"€57,975,367",Won
13/07/18 00:00,1 4 14 21 49,2,12,"€15,021,200",Won
17/07/18 00:00,4 6 27 48 50,1,11,"€15,126,600",Roll
20/07/18 00:00,2 15 40 43 46,3,6,"€24,941,396",Roll
24/07/18 00:00,2 4 23 39 40,3,9,"€32,023,423",Roll
27/07/18 00:00,11 17 22 23 41,6,11,"€42,386,533",Roll
31/07/18 00:00,20 25 34 42 45,6,11,"€50,637,585",Roll
03/08/18 00:00,7 26 36 38 43,6,12,"€61,780,382",Roll
07/08/18 00:00,16 28 29 30 36,8,10,"€67,719,962",Roll
10/08/18 00:00,18 20 36 43 44,3,9,"€75,029,181",Roll
14/08/18 00:00,1 15 18 25 31,9,11,"€81,090,231",Roll
17/08/18 00:00,2 15 18 24 43,8,12,"€89,766,677",Roll
21/08/18 00:00,16 23 42 43 49,10,12,"€96,785,706",Won
24/08/18 00:00,3 14 31 36 50,1,12,"€15,393,500",Roll
28/08/18 00:00,4 16 32 42 46,8,12,"€22,758,649",Roll
31/08/18 00:00,4 30 31 38 42,4,6,"€32,721,629",Roll
04/09/18 00:00,5 14 28 30 47,4,11,"€40,979,973",Won
07/09/18 00:00,4 23 27 31 50,1,8,"€15,216,700",Roll
11/09/18 00:00,9 18 32 38 46,2,3,"€22,382,447",Roll
14/09/18 00:00,1 3 33 40 45,3,4,"€32,776,219",Roll
18/09/18 00:00,3 8 10 32 45,4,12,"€40,651,934",Roll
21/09/18 00:00,5 7 21 25 37,3,4,"€116,870,000",Roll
25/09/18 00:00,6 15 20 30 38,4,7,"€124,411,811",Roll
28/09/18 00:00,2 4 8 27 50,2,9,"€135,382,686",Roll
02/10/18 00:00,7 17 29 37 45,3,11,"€144,603,632",Won
05/10/18 00:00,8 16 24 26 35,3,11,"€14,948,100",Won
09/10/18 00:00,3 12 36 44 45,8,11,"€14,873,300",Roll
12/10/18 00:00,4 9 12 31 43,5,8,"€25,070,150",Roll
16/10/18 00:00,15 28 37 40 42,1,6,"€32,638,799",Roll
19/10/18 00:00,1 3 29 47 48,3,12,"€43,581,440",Roll
23/10/18 00:00,1 2 5 21 32,2,12,"€52,107,396",Roll
26/10/18 00:00,5 18 21 31 35,6,9,"€64,245,817",Roll
30/10/18 00:00,17 23 27 43 44,1,12,"€70,193,991",Roll
02/11/18 00:00,5 15 17 37 44,7,11,"€76,369,806",Won
06/11/18 00:00,14 24 36 40 43,2,9,"€14,832,500",Roll
09/11/18 00:00,14 17 32 37 49,11,12,"€25,702,466",Roll
13/11/18 00:00,2 7 10 13 42,3,6,"€33,184,923",Roll
16/11/18 00:00,9 10 13 28 41,1,12,"€44,832,935",Won
20/11/18 00:00,6 19 39 45 48,7,12,"€15,130,000",Roll
23/11/18 00:00,5 8 25 26 30,3,10,"€24,866,684",Roll
27/11/18 00:00,4 16 17 18 32,2,11,"€32,439,819",Roll
30/11/18 00:00,3 10 12 23 26,1,12,"€43,374,190",Roll
04/12/18 00:00,19 20 21 42 45,8,9,"€51,799,990",Roll
07/12/18 00:00,11 17 26 37 48,1,10,"€63,478,325",Roll
11/12/18 00:00,4 7 13 23 42,1,3,"€69,712,546",Roll
14/12/18 00:00,12 29 38 42 44,2,12,"€76,884,342",Roll
18/12/18 00:00,1 9 18 39 48,5,7,"€83,057,501",Roll
21/12/18 00:00,2 12 15 34 50,3,4,"€92,134,454",Roll
25/12/18 00:00,4 5 8 31 43,2,9,"€99,026,381",Roll
28/12/18 00:00,13 16 34 35 45,10,12,"€108,543,762",Roll
01/01/19 00:00,1 8 11 25 28,4,6,"€114,969,775",Won
04/01/19 00:00,7 11 19 27 37,6,10,"€15,228,600",Roll
08/01/19 00:00,3 19 22 31 32,2,11,"€23,253,235",Roll
11/01/19 00:00,1 19 31 39 48,1,6,"€34,004,534",Roll
15/01/19 00:00,22 25 29 33 35,3,6,"€42,137,452",Roll
18/01/19 00:00,5 6 16 30 46,5,10,"€53,285,987",Roll
22/01/19 00:00,9 23 29 41 49,8,10,"€61,621,961",Roll
25/01/19 00:00,1 6 13 15 16,6,10,"€68,153,942",Roll
29/01/19 00:00,14 24 26 32 39,3,8,"€75,051,591",Roll
01/02/19 00:00,3 21 26 41 46,1,6,"€105,204,000",Roll
05/02/19 00:00,14 25 31 37 43,2,3,"€113,958,151",Roll
08/02/19 00:00,11 12 13 39 46,7,10,"€123,991,632",Roll
12/02/19 00:00,6 34 36 41 50,1,5,"€133,312,302",Roll
15/02/19 00:00,15 27 34 38 49,2,10,"€144,375,567",Roll
19/02/19 00:00,1 8 18 19 39,7,9,"€152,400,366",Won
22/02/19 00:00,3 27 29 33 50,3,7,"€14,773,000",Roll
26/02/19 00:00,3 15 29 35 47,3,4,"€22,256,333",Roll
01/03/19 00:00,6 9 19 26 31,11,12,"€35,148,482",Roll
05/03/19 00:00,6 10 16 39 46,8,11,"€43,294,160",Roll
08/03/19 00:00,17 18 19 24 40,4,8,"€55,265,839",Roll
12/03/19 00:00,5 7 13 19 31,2,9,"€64,356,515",Roll
15/03/19 00:00,3 15 24 42 46,9,12,"€71,057,439",Won
19/03/19 00:00,1 6 9 34 47,7,12,"€14,552,000",Roll
22/03/19 00:00,4 17 26 30 43,6,11,"€24,580,716",Roll
26/03/19 00:00,12 19 23 43 47,2,6,"€32,010,911",Roll
29/03/19 00:00,13 23 26 32 47,6,10,"€43,015,001",Roll
02/04/19 00:00,2 9 16 26 36,6,7,"€50,833,887",Roll
05/04/19 00:00,1 7 10 29 45,3,5,"€62,771,731",Roll
09/04/19 00:00,18 21 29 38 41,1,11,"€68,329,653",Won
12/04/19 00:00,1 28 35 36 46,6,9,"€14,701,600",Roll
16/04/19 00:00,1 8 15 44 49,2,11,"€21,879,091",Roll
19/04/19 00:00,7 8 32 41 49,5,11,"€31,273,852",Roll
23/04/19 00:00,18 23 27 42 44,2,7,"€38,254,645",Won
26/04/19 00:00,14 33 35 47 50,9,11,"€14,682,900",Roll
30/04/19 00:00,5 12 20 26 48,2,11,"€21,815,835",Won
03/05/19 00:00,2 9 20 27 43,5,6,"€14,467,000",Roll
07/05/19 00:00,7 20 26 32 47,2,11,"€21,438,454",Won
10/05/19 00:00,1 4 27 45 48,1,7,"€14,694,800",Roll
14/05/19 00:00,10 14 17 25 50,2,10,"€21,687,521",Roll
17/05/19 00:00,16 28 42 43 45,6,7,"€31,674,666",Roll
21/05/19 00:00,32 33 34 39 47,8,12,"€39,211,724",Roll
24/05/19 00:00,5 16 23 30 49,6,7,"€49,736,732",Roll
28/05/19 00:00,7 19 20 28 29,1,5,"€57,674,610",Won
31/05/19 00:00,1 23 24 26 35,1,11,"€15,034,800",Roll
04/06/19 00:00,9 31 32 39 41,2,8,"€22,504,557",Roll
07/06/19 00:00,1 4 16 20 34,2,5,"€115,726,000",Roll
11/06/19 00:00,25 27 39 42 46,11,12,"€123,458,008",Won
14/06/19 00:00,1 13 30 31 39,2,7,"€15,152,100",Roll
18/06/19 00:00,12 24 37 40 44,3,7,"€22,579,505",Roll
21/06/19 00:00,5 8 9 25 39,3,7,"€32,775,384",Roll
25/06/19 00:00,6 26 27 34 46,1,9,"€40,597,881",Roll
28/06/19 00:00,1 3 16 33 49,2,11,"€51,583,856",Roll
02/07/19 00:00,11 19 29 44 45,8,12,"€60,173,279",Roll
05/07/19 00:00,2 9 20 34 42,6,9,"€67,458,174",Roll
09/07/19 00:00,7 29 32 36 41,6,7,"€73,547,916",Roll
12/07/19 00:00,2 31 39 45 47,4,8,"€81,180,289",Roll
16/07/19 00:00,3 5 13 18 39,7,8,"€88,185,562",Roll
19/07/19 00:00,13 14 17 26 28,2,7,"€96,710,509",Won
23/07/19 00:00,1 14 19 23 38,3,7,"€15,254,100",Roll
26/07/19 00:00,2 5 27 37 42,3,10,"€25,032,609",Roll
30/07/19 00:00,15 20 23 27 40,3,6,"€33,364,792",Roll
02/08/19 00:00,13 22 33 44 50,2,5,"€43,958,121",Roll
06/08/19 00:00,12 13 29 36 38,4,12,"€52,917,787",Roll
09/08/19 00:00,2 14 35 41 42,10,11,"€65,218,898",Roll
13/08/19 00:00,13 29 31 33 40,2,3,"€70,899,768",Roll
16/08/19 00:00,9 10 27 37 42,1,5,"€77,208,525",Roll
20/08/19 00:00,20 22 23 24 37,1,4,"€83,338,679",Roll
23/08/19 00:00,4 17 35 42 45,2,8,"€91,533,020",Roll
27/08/19 00:00,8 26 35 43 47,1,9,"€97,958,413",Roll
30/08/19 00:00,25 27 45 46 49,4,6,"€107,759,330",Roll
03/09/19 00:00,7 11 38 39 44,7,10,"€116,404,085",Roll
06/09/19 00:00,10 13 22 40 48,2,5,"€125,665,319",Roll
10/09/19 00:00,3 22 25 30 49,3,6,"€134,122,038",Roll
13/09/19 00:00,1 12 27 42 47,6,7,"€145,566,007",Roll
17/09/19 00:00,22 37 43 44 45,1,12,"€155,282,163",Roll
20/09/19 00:00,8 21 25 38 50,4,8,"€167,609,701",Roll
24/09/19 00:00,2 33 42 47 48,1,2,"€167,751,000",Roll
27/09/19 00:00,24 37 41 43 46,2,8,"€169,005,000",Roll
01/10/19 00:00,2 11 18 40 46,1,4,"€168,720,000",Roll
04/10/19 00:00,6 9 35 41 44,6,9,"€169,024,000",Roll
08/10/19 00:00,7 10 15 44 49,3,12,"€170,221,000",Won
11/10/19 00:00,2 14 19 42 45,5,6,"€14,830,800",Roll
15/10/19 00:00,3 28 31 32 34,4,5,"€22,772,993",Roll
18/10/19 00:00,8 18 22 41 42,11,12,"€33,536,983",Roll
22/10/19 00:00,2 5 32 33 47,7,8,"€41,922,445",Roll
25/10/19 00:00,34 37 39 40 50,4,10,"€53,313,310",Roll
29/10/19 00:00,16 18 28 42 49,5,10,"€62,293,451",Roll
01/11/19 00:00,2 20 39 44 48,5,7,"€69,286,018",Roll
05/11/19 00:00,9 14 25 33 48,2,12,"€74,873,475",Roll
08/11/19 00:00,8 17 20 23 45,2,8,"€84,012,704",Roll
12/11/19 00:00,1 21 23 25 39,2,4,"€89,866,288",Roll
15/11/19 00:00,3 13 20 32 34,4,11,"€98,311,223",Roll
19/11/19 00:00,8 10 15 30 42,4,6,"€105,100,702",Won
22/11/19 00:00,3 21 32 34 48,3,11,"€14,608,100",Roll
26/11/19 00:00,2 3 15 19 34,5,8,"€22,196,254",Roll
29/11/19 00:00,3 7 12 42 50,6,8,"€32,747,133",Roll
03/12/19 00:00,18 31 32 38 48,4,12,"€40,957,697",Won
06/12/19 00:00,1 3 27 39 46,1,10,"€14,319,100",Roll
10/12/19 00:00,2 10 19 21 47,2,8,"€21,715,889",Roll
13/12/19 00:00,9 16 18 23 32,2,10,"€32,875,644",Roll
17/12/19 00:00,1 7 12 25 49,6,9,"€41,621,418",Won
20/12/19 00:00,8 24 30 32 34,3,4,"€14,484,000",Roll
24/12/19 00:00,3 11 13 14 47,3,6,"€23,534,756",Roll
27/12/19 00:00,1 7 22 26 35,5,10,"€33,089,326",Roll
31/12/19 00:00,26 31 33 41 48,2,4,"€44,717,396",Roll
03/01/20 00:00,5 15 20 36 47,8,12,"€55,523,057",Roll
07/01/20 00:00,5 8 12 37 43,6,11,"€64,021,946",Roll
10/01/20 00:00,6 17 32 44 46,2,6,"€71,717,560",Roll
14/01/20 00:00,21 25 29 39 44,8,9,"€78,000,490",Roll
17/01/20 00:00,8 19 20 29 44,3,8,"€85,964,733",Won
21/01/20 00:00,10 11 24 36 46,3,5,"€14,463,600",Roll
24/01/20 00:00,3 4 6 9 24,5,8,"€24,139,851",Won
28/01/20 00:00,1 19 27 31 38,4,5,"€14,409,200",Roll
31/01/20 00:00,13 18 20 23 30,2,4,"€24,336,652",Roll
04/02/20 00:00,21 23 33 35 47,6,7,"€34,634,832",Roll
07/02/20 00:00,9 15 17 25 40,3,9,"€110,500,000",Won
11/02/20 00:00,24 26 32 43 46,6,10,"€14,342,900",Won
14/02/20 00:00,5 20 35 41 49,6,10,"€14,140,600",Roll
18/02/20 00:00,11 32 34 38 47,2,10,"€22,469,712",Roll
21/02/20 00:00,7 23 30 32 45,5,9,"€34,421,724",Roll
25/02/20 00:00,1 4 18 27 42,4,6,"€43,515,336",Roll
28/02/20 00:00,8 11 20 22 23,3,4,"€57,826,962",Won
03/03/20 00:00,4 14 27 44 45,1,10,"€14,841,000",Roll
06/03/20 00:00,15 38 43 45 46,1,11,"€26,423,336",Roll
10/03/20 00:00,11 23 30 37 43,5,12,"€35,567,254",Roll
13/03/20 00:00,3 11 21 27 36,9,10,"€50,321,191",Roll
17/03/20 00:00,5 7 8 16 20,2,12,"€57,869,670",Won
20/03/20 00:00,3 9 20 34 40,6,12,"€15,696,100",Won
24/03/20 00:00,7 12 26 30 33,10,11,"€15,621,300",Roll
27/03/20 00:00,11 14 27 41 46,2,3,"€22,095,531",Roll
31/03/20 00:00,12 17 24 30 36,1,9,"€27,308,650",Roll
03/04/20 00:00,16 19 34 46 50,2,6,"€34,546,128",Roll
07/04/20 00:00,4 5 14 33 48,7,12,"€40,506,751",Roll
10/04/20 00:00,3 10 17 33 39,1,4,"€46,937,085",Roll
14/04/20 00:00,6 29 34 35 40,4,11,"€51,538,058",Roll
17/04/20 00:00,16 28 32 37 45,1,11,"€58,366,488",Won
21/04/20 00:00,10 11 14 23 28,6,8,"€15,026,300",Roll
24/04/20 00:00,1 5 19 21 28,4,7,"€22,310,697",Roll
28/04/20 00:00,15 23 26 28 32,1,5,"€28,167,968",Roll
01/05/20 00:00,19 20 38 45 47,2,6,"€36,228,690",Roll
05/05/20 00:00,2 10 22 27 41,2,3,"€42,596,857",Roll
08/05/20 00:00,8 25 32 33 38,7,9,"€49,837,132",Roll
12/05/20 00:00,9 16 29 37 39,4,11,"€56,472,701",Roll
15/05/20 00:00,11 23 32 34 39,1,6,"€65,175,962",Won
19/05/20 00:00,5 25 32 37 43,6,7,"€15,170,800",Roll
22/05/20 00:00,3 18 22 27 32,2,7,"€25,387,006",Roll
26/05/20 00:00,4 9 14 21 27,4,6,"€16,530,706",Won
29/05/20 00:00,4 8 11 19 46,4,8,"€15,294,900",Won
02/06/20 00:00,10 12 22 26 49,7,11,"€15,148,700",Roll
05/06/20 00:00,5 11 17 24 37,3,6,"€25,999,539",Roll
09/06/20 00:00,5 15 27 36 46,2,8,"€34,451,775",Roll
12/06/20 00:00,2 24 39 45 46,4,8,"€46,399,553",Won
16/06/20 00:00,4 9 11 17 39,2,10,"€15,245,600",Roll
19/06/20 00:00,5 14 19 24 43,3,11,"€26,333,468",Roll
23/06/20 00:00,2 12 19 46 49,1,8,"€34,732,623",Roll
26/06/20 00:00,1 10 12 21 26,5,11,"€46,859,882",Roll
30/06/20 00:00,1 6 11 28 42,2,10,"€56,510,237",Roll
03/07/20 00:00,4 16 27 37 39,3,6,"€117,260,000",Roll
07/07/20 00:00,12 16 23 33 41,8,10,"€130,059,174",Won
10/07/20 00:00,15 17 23 30 38,2,7,"€15,225,200",Roll
14/07/20 00:00,11 22 30 37 47,9,10,"€24,013,488",Roll
17/07/20 00:00,7 15 27 41 43,7,9,"€35,838,894",Roll
21/07/20 00:00,14 15 24 29 42,2,4,"€44,865,863",Won
24/07/20 00:00,8 9 27 28 50,4,12,"€15,483,600",Roll
28/07/20 00:00,9 13 15 17 34,2,7,"€23,795,774",Roll
31/07/20 00:00,21 24 30 46 49,2,5,"€35,077,775",Roll
04/08/20 00:00,1 2 5 15 42,5,8,"€44,373,299",Roll
07/08/20 00:00,5 20 21 36 41,6,11,"€57,863,944",Roll
11/08/20 00:00,8 13 14 42 50,3,9,"€66,130,274",Roll
14/08/20 00:00,9 10 19 42 49,4,12,"€77,977,112",Roll
18/08/20 00:00,6 12 17 34 42,5,12,"€87,266,444",Roll
21/08/20 00:00,10 15 35 44 50,3,5,"€100,807,281",Roll
25/08/20 00:00,7 18 30 37 39,8,10,"€112,618,069",Roll
28/08/20 00:00,7 12 16 17 31,7,9,"€126,895,018",Roll
01/09/20 00:00,4 8 10 33 46,8,11,"€139,992,069",Won
04/09/20 00:00,6 22 29 40 43,4,7,"€15,174,200",Roll
08/09/20 00:00,2 9 31 35 41,9,12,"€24,534,097",Roll
11/09/20 00:00,34 38 42 43 45,9,12,"€37,525,275",Roll
15/09/20 00:00,16 20 25 30 38,6,8,"€47,250,235",Roll
18/09/20 00:00,2 10 19 25 45,1,7,"€61,732,489",Roll
22/09/20 00:00,16 25 28 39 40,1,6,"€71,063,522",Roll
25/09/20 00:00,19 23 34 37 45,1,7,"€118,729,000",Won
29/09/20 00:00,4 14 16 41 44,11,12,"€15,531,200",Roll
02/10/20 00:00,6 12 15 40 45,3,9,"€27,761,091",Won
06/10/20 00:00,4 21 36 41 47,9,11,€17000000,Roll
09/10/20 00:00,11 15 35 41 50,5,8,€30301316,Roll
13/10/20 00:00,5 14 38 41 46,1,10,€40315607,Roll
